id,user_id,target_id,count,character,press_time,release_time
1,1,1,0,i,1535650787611,1535650787691
2,1,1,0,n,1535650787811,1535650787898
3,1,1,0,u,1535650787858,1535650787955
4,1,1,0,m,1535650788043,1535650788162
5,1,1,0,o,1535650788107,1535650788290
6,1,1,0,a,1535650788258,1535650788411
7,1,1,0,r,1535650788413,1535650788555
8,1,1,0,u,1535650788491,1535650788595
9,1,1,0,k,1535650788675,1535650788819
10,1,1,0,e,1535650788738,1535650788821
11,1,1,0,b,1535650788899,1535650789027
12,1,1,0,a,1535650788978,1535650789107
13,1,1,0,b,1535650789130,1535650789274
14,1,1,0,o,1535650789211,1535650789355
15,1,1,0,u,1535650789276,1535650789356
16,1,1,0,n,1535650789459,1535650789547
17,1,1,0,i,1535650789549,1535650789707
18,1,1,0,a,1535650789619,1535650789709
19,1,1,0,t,1535650789709,1535650789851
20,1,1,0,a,1535650789827,1535650790011
21,1,1,0,r,1535650789954,1535650790099
22,1,1,0,u,1535650790100,1535650790202
23,1,1,1,i,1535650790851,1535650790939
24,1,1,1,n,1535650791058,1535650791138
25,1,1,1,u,1535650791082,1535650791187
26,1,1,1,m,1535650791282,1535650791371
27,1,1,1,o,1535650791331,1535650791515
28,1,1,1,a,1535650791490,1535650791635
29,1,1,1,r,1535650791636,1535650791778
30,1,1,1,u,1535650791739,1535650791842
31,1,1,1,k,1535650791946,1535650792091
32,1,1,1,e,1535650792002,1535650792092
33,1,1,1,b,1535650792187,1535650792315
34,1,1,1,a,1535650792267,1535650792411
35,1,1,1,b,1535650792434,1535650792580
36,1,1,1,o,1535650792523,1535650792667
37,1,1,1,u,1535650792582,1535650792668
38,1,1,1,n,1535650792786,1535650792867
39,1,1,1,i,1535650792868,1535650793010
40,1,1,1,a,1535650792947,1535650793051
41,1,1,1,t,1535650793052,1535650793180
42,1,1,1,a,1535650793154,1535650793338
43,1,1,1,r,1535650793283,1535650793466
44,1,1,1,u,1535650793403,1535650793523
45,1,1,2,i,1535650794059,1535650794163
46,1,1,2,n,1535650794266,1535650794346
47,1,1,2,u,1535650794307,1535650794427
48,1,1,2,m,1535650794514,1535650794618
49,1,1,2,o,1535650794580,1535650794731
50,1,1,2,a,1535650794733,1535650794859
51,1,1,2,r,1535650794860,1535650795003
52,1,1,2,u,1535650794963,1535650795066
53,1,1,2,k,1535650795146,1535650795291
54,1,1,2,e,1535650795227,1535650795292
55,1,1,2,b,1535650795394,1535650795514
56,1,1,2,a,1535650795474,1535650795643
57,1,1,2,b,1535650795644,1535650795827
58,1,1,2,o,1535650795723,1535650795851
59,1,1,2,u,1535650795786,1535650795852
60,1,1,2,n,1535650795970,1535650796059
61,1,1,2,i,1535650796060,1535650796178
62,1,1,2,a,1535650796154,1535650796259
63,1,1,2,t,1535650796262,1535650796380
64,1,1,2,a,1535650796354,1535650796549
65,1,1,2,r,1535650796482,1535650796690
66,1,1,2,u,1535650796627,1535650796755
67,1,1,3,i,1535650797282,1535650797387
68,1,1,3,n,1535650797491,1535650797570
69,1,1,3,u,1535650797514,1535650797619
70,1,1,3,m,1535650797714,1535650797819
71,1,1,3,o,1535650797779,1535650797923
72,1,1,3,a,1535650797924,1535650798067
73,1,1,3,r,1535650798069,1535650798228
74,1,1,3,u,1535650798146,1535650798251
75,1,1,3,k,1535650798355,1535650798474
76,1,1,3,e,1535650798410,1535650798514
77,1,1,3,b,1535650798603,1535650798723
78,1,1,3,a,1535650798674,1535650798843
79,1,1,3,b,1535650798844,1535650799026
80,1,1,3,o,1535650798971,1535650799154
81,1,1,3,u,1535650799051,1535650799130
82,1,1,3,n,1535650799258,1535650799338
83,1,1,3,i,1535650799340,1535650799467
84,1,1,3,a,1535650799435,1535650799524
85,1,1,3,t,1535650799525,1535650799651
86,1,1,3,a,1535650799626,1535650799787
87,1,1,3,r,1535650799746,1535650799914
88,1,1,3,u,1535650799850,1535650799978
89,1,1,4,i,1535650800474,1535650800571
90,1,1,4,n,1535650800690,1535650800779
91,1,1,4,u,1535650800739,1535650800843
92,1,1,4,m,1535650800922,1535650801026
93,1,1,4,o,1535650800988,1535650801131
94,1,1,4,a,1535650801132,1535650801291
95,1,1,4,r,1535650801292,1535650801459
96,1,1,4,u,1535650801395,1535650801482
97,1,1,4,k,1535650801578,1535650801707
98,1,1,4,e,1535650801642,1535650801738
99,1,1,4,b,1535650801826,1535650801946
100,1,1,4,a,1535650801907,1535650802067
101,1,1,4,b,1535650802068,1535650802235
102,1,1,4,o,1535650802154,1535650802299
103,1,1,4,u,1535650802236,1535650802301
104,1,1,4,n,1535650802418,1535650802522
105,1,1,4,i,1535650802483,1535650802627
106,1,1,4,a,1535650802628,1535650802706
107,1,1,4,t,1535650802708,1535650802835
108,1,1,4,a,1535650802810,1535650802995
109,1,1,4,r,1535650802954,1535650803098
110,1,1,4,u,1535650803058,1535650803187
111,1,1,5,i,1535650803698,1535650803802
112,1,1,5,n,1535650803899,1535650803986
113,1,1,5,u,1535650803946,1535650804042
114,1,1,5,m,1535650804130,1535650804234
115,1,1,5,o,1535650804194,1535650804354
116,1,1,5,a,1535650804331,1535650804459
117,1,1,5,r,1535650804460,1535650804603
118,1,1,5,u,1535650804539,1535650804642
119,1,1,5,k,1535650804722,1535650804851
120,1,1,5,e,1535650804762,1535650804890
121,1,1,5,b,1535650804946,1535650805074
122,1,1,5,a,1535650805011,1535650805155
123,1,1,5,b,1535650805178,1535650805338
124,1,1,5,o,1535650805218,1535650805362
125,1,1,5,u,1535650805284,1535650805364
126,1,1,5,n,1535650805506,1535650805571
127,1,1,5,i,1535650805572,1535650805691
128,1,1,5,a,1535650805652,1535650805755
129,1,1,5,t,1535650805756,1535650805875
130,1,1,5,a,1535650805851,1535650806019
131,1,1,5,r,1535650805978,1535650806146
132,1,1,5,u,1535650806107,1535650806226
133,1,1,6,i,1535650806738,1535650806819
134,1,1,6,n,1535650806946,1535650807050
135,1,1,6,u,1535650806970,1535650807074
136,1,1,6,m,1535650807154,1535650807274
137,1,1,6,o,1535650807235,1535650807402
138,1,1,6,a,1535650807404,1535650807555
139,1,1,6,r,1535650807556,1535650807722
140,1,1,6,u,1535650807642,1535650807747
141,1,1,6,k,1535650807851,1535650807971
142,1,1,6,e,1535650807891,1535650807972
143,1,1,6,b,1535650808074,1535650808178
144,1,1,6,a,1535650808155,1535650808299
145,1,1,6,b,1535650808300,1535650808443
146,1,1,6,o,1535650808362,1535650808507
147,1,1,6,u,1535650808443,1535650808508
148,1,1,6,n,1535650808635,1535650808730
149,1,1,6,i,1535650808690,1535650808835
150,1,1,6,a,1535650808810,1535650808899
151,1,1,6,t,1535650808900,1535650809018
152,1,1,6,a,1535650808994,1535650809162
153,1,1,6,r,1535650809122,1535650809306
154,1,1,6,u,1535650809251,1535650809370
155,1,1,7,i,1535650814243,1535650814346
156,1,1,7,n,1535650814443,1535650814546
157,1,1,7,u,1535650814507,1535650814594
158,1,1,7,m,1535650814690,1535650814795
159,1,1,7,o,1535650814754,1535650814923
160,1,1,7,a,1535650814924,1535650815082
161,1,1,7,r,1535650815043,1535650815226
162,1,1,7,u,1535650815146,1535650815250
163,1,1,7,k,1535650815346,1535650815491
164,1,1,7,e,1535650815386,1535650815492
165,1,1,7,b,1535650815555,1535650815674
166,1,1,7,a,1535650815651,1535650815779
167,1,1,7,b,1535650815780,1535650815947
168,1,1,7,o,1535650815826,1535650815970
169,1,1,7,u,1535650815882,1535650815971
170,1,1,7,n,1535650816090,1535650816170
171,1,1,7,i,1535650816131,1535650816298
172,1,1,7,a,1535650816251,1535650816339
173,1,1,7,t,1535650816339,1535650816459
174,1,1,7,a,1535650816460,1535650816602
175,1,1,7,r,1535650816562,1535650816730
176,1,1,7,u,1535650816666,1535650816770
177,1,1,8,i,1535650817322,1535650817426
178,1,1,8,n,1535650817546,1535650817650
179,1,1,8,u,1535650817613,1535650817714
180,1,1,8,m,1535650817794,1535650817922
181,1,1,8,o,1535650817883,1535650818067
182,1,1,8,a,1535650818034,1535650818163
183,1,1,8,r,1535650818164,1535650818332
184,1,1,8,u,1535650818266,1535650818370
185,1,1,8,k,1535650818458,1535650818595
186,1,1,8,e,1535650818490,1535650818595
187,1,1,8,b,1535650818682,1535650818802
188,1,1,8,a,1535650818755,1535650818883
189,1,1,8,b,1535650818884,1535650819051
190,1,1,8,o,1535650818930,1535650819075
191,1,1,8,u,1535650818988,1535650819075
192,1,1,8,n,1535650819194,1535650819283
193,1,1,8,i,1535650819284,1535650819426
194,1,1,8,a,1535650819378,1535650819483
195,1,1,8,t,1535650819485,1535650819610
196,1,1,8,a,1535650819587,1535650819771
197,1,1,8,r,1535650819707,1535650819914
198,1,1,8,u,1535650819850,1535650819979
199,1,1,9,i,1535650820595,1535650820674
200,1,1,9,n,1535650820794,1535650820898
201,1,1,9,u,1535650820861,1535650820963
202,1,1,9,m,1535650821042,1535650821146
203,1,1,9,o,1535650821106,1535650821250
204,1,1,9,a,1535650821226,1535650821371
205,1,1,9,r,1535650821372,1535650821539
206,1,1,9,u,1535650821450,1535650821562
207,1,1,9,k,1535650821658,1535650821802
208,1,1,9,e,1535650821762,1535650821866
209,1,1,9,b,1535650822002,1535650822130
210,1,1,9,a,1535650822106,1535650822267
211,1,1,9,b,1535650822330,1535650822498
212,1,1,9,o,1535650822378,1535650822587
213,1,1,9,u,1535650822562,1535650822683
214,1,1,9,n,1535650822826,1535650822930
215,1,1,9,i,1535650822894,1535650823035
216,1,1,9,a,1535650822986,1535650823074
217,1,1,9,t,1535650823076,1535650823219
218,1,1,9,a,1535650823194,1535650823354
219,1,1,9,r,1535650823298,1535650823466
220,1,1,9,u,1535650823426,1535650823546
221,1,1,10,i,1535650824058,1535650824179
222,1,1,10,n,1535650824306,1535650824410
223,1,1,10,u,1535650824346,1535650824466
224,1,1,10,m,1535650824555,1535650824658
225,1,1,10,o,1535650824619,1535650824779
226,1,1,10,a,1535650824755,1535650824899
227,1,1,10,r,1535650824900,1535650825042
228,1,1,10,u,1535650824986,1535650825082
229,1,1,10,k,1535650825186,1535650825331
230,1,1,10,e,1535650825226,1535650825331
231,1,1,10,b,1535650825394,1535650825498
232,1,1,10,a,1535650825475,1535650825603
233,1,1,10,b,1535650825603,1535650825787
234,1,1,10,o,1535650825666,1535650825810
235,1,1,10,u,1535650825746,1535650825850
236,1,1,10,n,1535650825995,1535650826074
237,1,1,10,i,1535650826035,1535650826178
238,1,1,10,a,1535650826076,1535650826179
239,1,1,10,t,1535650826181,1535650826299
240,1,1,10,a,1535650826300,1535650826442
241,1,1,10,r,1535650826402,1535650826570
242,1,1,10,u,1535650826506,1535650826650
243,1,1,11,i,1535650827548,1535650827627
244,1,1,11,n,1535650827714,1535650827794
245,1,1,11,u,1535650827771,1535650827875
246,1,1,11,m,1535650827938,1535650828059
247,1,1,11,o,1535650828003,1535650828163
248,1,1,11,a,1535650828164,1535650828322
249,1,1,11,r,1535650828290,1535650828451
250,1,1,11,u,1535650828346,1535650828452
251,1,1,11,k,1535650828538,1535650828683
252,1,1,11,e,1535650828595,1535650828684
253,1,1,11,b,1535650828778,1535650828882
254,1,1,11,a,1535650828842,1535650828987
255,1,1,11,b,1535650828988,1535650829155
256,1,1,11,o,1535650829050,1535650829178
257,1,1,11,u,1535650829115,1535650829179
258,1,1,11,n,1535650829314,1535650829419
259,1,1,11,i,1535650829379,1535650829546
260,1,1,11,a,1535650829474,1535650829578
261,1,1,11,t,1535650829547,1535650829691
262,1,1,11,a,1535650829666,1535650829826
263,1,1,11,r,1535650829786,1535650829978
264,1,1,11,u,1535650829914,1535650830034
265,2,2,0,i,1535652628905,1535652628967
266,2,2,0,n,1535652629165,1535652629316
267,2,2,0,u,1535652629277,1535652629367
268,2,2,0,m,1535652629576,1535652629655
269,2,2,0,o,1535652629609,1535652629723
270,2,2,0,a,1535652630084,1535652630208
271,2,2,0,r,1535652630246,1535652630346
272,2,2,0,u,1535652630386,1535652630457
273,2,2,0,k,1535652630615,1535652630703
274,2,2,0,e,1535652630732,1535652630841
275,2,2,0,b,1535652630878,1535652630964
276,2,2,0,a,1535652630981,1535652631092
277,2,2,0,b,1535652631129,1535652631245
278,2,2,0,o,1535652631211,1535652631331
279,2,2,0,u,1535652631374,1535652631454
280,2,2,0,n,1535652631550,1535652631682
281,2,2,0,i,1535652631656,1535652631756
282,2,2,0,a,1535652632006,1535652632108
283,2,2,0,t,1535652632273,1535652632351
284,2,2,0,a,1535652632343,1535652632471
285,2,2,0,r,1535652632503,1535652632610
286,2,2,0,u,1535652632624,1535652632688
287,2,2,1,i,1535652640224,1535652640308
288,2,2,1,n,1535652640377,1535652640556
289,2,2,1,u,1535652640505,1535652640597
290,2,2,1,m,1535652640722,1535652640841
291,2,2,1,o,1535652640793,1535652640880
292,2,2,1,a,1535652640973,1535652641068
293,2,2,1,r,1535652641091,1535652641191
294,2,2,1,u,1535652641196,1535652641254
295,2,2,1,k,1535652641610,1535652641686
296,2,2,1,e,1535652641728,1535652641808
297,2,2,1,b,1535652641874,1535652641951
298,2,2,1,a,1535652641989,1535652642069
299,2,2,1,b,1535652642095,1535652642209
300,2,2,1,o,1535652642216,1535652642315
301,2,2,1,u,1535652642313,1535652642397
302,2,2,1,n,1535652642484,1535652642616
303,2,2,1,i,1535652642585,1535652642654
304,2,2,1,a,1535652642722,1535652642805
305,2,2,1,t,1535652642864,1535652642961
306,2,2,1,a,1535652642965,1535652643067
307,2,2,1,r,1535652643087,1535652643164
308,2,2,1,u,1535652643216,1535652643274
309,2,2,2,i,1535652645080,1535652645143
310,2,2,2,n,1535652645222,1535652645381
311,2,2,2,u,1535652645355,1535652645419
312,2,2,2,m,1535652645574,1535652645728
313,2,2,2,o,1535652645674,1535652645778
314,2,2,2,a,1535652645883,1535652645981
315,2,2,2,r,1535652646019,1535652646101
316,2,2,2,u,1535652646132,1535652646188
317,2,2,2,k,1535652646325,1535652646399
318,2,2,2,e,1535652646425,1535652646514
319,2,2,2,b,1535652646567,1535652646638
320,2,2,2,a,1535652646652,1535652646744
321,2,2,2,b,1535652646769,1535652646874
322,2,2,2,o,1535652646851,1535652646960
323,2,2,2,u,1535652646996,1535652647082
324,2,2,2,n,1535652647219,1535652647329
325,2,2,2,i,1535652647364,1535652647443
326,2,2,2,a,1535652647572,1535652647674
327,2,2,2,t,1535652647697,1535652647782
328,2,2,2,a,1535652647802,1535652647884
329,2,2,2,r,1535652647906,1535652647985
330,2,2,2,u,1535652648065,1535652648130
331,2,2,3,i,1535652655898,1535652655970
332,2,2,3,n,1535652656090,1535652656260
333,2,2,3,u,1535652656222,1535652656295
334,2,2,3,m,1535652656412,1535652656532
335,2,2,3,o,1535652656497,1535652656602
336,2,2,3,a,1535652656709,1535652656803
337,2,2,3,r,1535652656857,1535652656975
338,2,2,3,u,1535652656991,1535652657060
339,2,2,3,k,1535652657319,1535652657384
340,2,2,3,e,1535652657436,1535652657504
341,2,2,3,b,1535652657540,1535652657601
342,2,2,3,a,1535652657690,1535652657753
343,2,2,3,b,1535652657975,1535652658116
344,2,2,3,o,1535652658088,1535652658194
345,2,2,3,u,1535652658256,1535652658336
346,2,2,3,n,1535652658461,1535652658585
347,2,2,3,i,1535652658555,1535652658635
348,2,2,3,a,1535652658746,1535652658858
349,2,2,3,t,1535652658872,1535652658969
350,2,2,3,a,1535652658992,1535652659077
351,2,2,3,r,1535652659211,1535652659282
352,2,2,3,u,1535652659347,1535652659427
353,2,2,4,i,1535652666758,1535652666836
354,2,2,4,n,1535652666921,1535652667093
355,2,2,4,u,1535652667048,1535652667141
356,2,2,4,m,1535652667264,1535652667367
357,2,2,4,o,1535652667318,1535652667409
358,2,2,4,a,1535652667450,1535652667560
359,2,2,4,r,1535652667562,1535652667675
360,2,2,4,u,1535652667685,1535652667749
361,2,2,4,k,1535652667850,1535652667937
362,2,2,4,e,1535652667931,1535652668030
363,2,2,4,b,1535652668086,1535652668156
364,2,2,4,a,1535652668179,1535652668266
365,2,2,4,b,1535652668344,1535652668464
366,2,2,4,o,1535652668473,1535652668561
367,2,2,4,u,1535652668599,1535652668658
368,2,2,4,n,1535652668767,1535652668869
369,2,2,4,i,1535652668841,1535652668927
370,2,2,4,a,1535652668986,1535652669094
371,2,2,4,t,1535652669100,1535652669209
372,2,2,4,a,1535652669475,1535652669602
373,2,2,4,r,1535652669616,1535652669720
374,2,2,4,u,1535652669762,1535652669831
375,2,2,5,i,1535652671432,1535652671511
376,2,2,5,n,1535652671630,1535652671766
377,2,2,5,u,1535652671723,1535652671806
378,2,2,5,m,1535652671924,1535652672030
379,2,2,5,o,1535652671999,1535652672071
380,2,2,5,a,1535652672124,1535652672244
381,2,2,5,r,1535652672230,1535652672343
382,2,2,5,u,1535652672361,1535652672430
383,2,2,5,k,1535652672557,1535652672637
384,2,2,5,e,1535652672652,1535652672739
385,2,2,5,b,1535652672791,1535652672852
386,2,2,5,a,1535652672853,1535652672958
387,2,2,5,b,1535652672969,1535652673077
388,2,2,5,o,1535652673059,1535652673163
389,2,2,5,u,1535652673161,1535652673253
390,2,2,5,n,1535652673352,1535652673473
391,2,2,5,i,1535652673455,1535652673557
392,2,2,5,a,1535652673796,1535652673933
393,2,2,5,t,1535652674152,1535652674226
394,2,2,5,a,1535652674400,1535652674527
395,2,2,5,r,1535652674585,1535652674667
396,2,2,5,u,1535652674682,1535652674749
397,2,2,6,i,1535654352890,1535654352971
398,2,2,6,n,1535654353074,1535654353250
399,2,2,6,u,1535654353221,1535654353320
400,2,2,6,m,1535654353521,1535654353662
401,2,2,6,o,1535654353609,1535654353731
402,2,2,6,a,1535654353830,1535654354016
403,2,2,6,r,1535654354213,1535654354332
404,2,2,6,u,1535654354307,1535654354378
405,2,2,6,k,1535654354534,1535654354643
406,2,2,6,e,1535654354639,1535654354741
407,2,2,6,b,1535654354776,1535654354871
408,2,2,6,a,1535654354861,1535654354976
409,2,2,6,b,1535654354999,1535654355128
410,2,2,6,o,1535654355074,1535654355213
411,2,2,6,u,1535654355217,1535654355325
412,2,2,6,n,1535654355422,1535654355552
413,2,2,6,i,1535654355529,1535654355635
414,2,2,6,a,1535654355763,1535654355897
415,2,2,6,t,1535654355994,1535654356103
416,2,2,6,a,1535654356091,1535654356219
417,2,2,6,r,1535654356239,1535654356349
418,2,2,6,u,1535654356352,1535654356436
419,2,2,7,i,1535654358833,1535654358909
420,2,2,7,n,1535654359003,1535654359182
421,2,2,7,u,1535654359128,1535654359215
422,2,2,7,m,1535654359376,1535654359506
423,2,2,7,o,1535654359956,1535654360052
424,2,2,7,a,1535654360246,1535654360357
425,2,2,7,r,1535654360453,1535654360539
426,2,2,7,u,1535654360627,1535654360693
427,2,2,7,k,1535654361006,1535654361095
428,2,2,7,e,1535654361109,1535654361202
429,2,2,7,b,1535654361238,1535654361317
430,2,2,7,a,1535654361345,1535654361461
431,2,2,7,b,1535654361466,1535654361588
432,2,2,7,o,1535654361579,1535654361664
433,2,2,7,u,1535654361669,1535654361757
434,2,2,7,n,1535654361901,1535654362036
435,2,2,7,i,1535654361980,1535654362089
436,2,2,7,a,1535654362161,1535654362273
437,2,2,7,t,1535654362479,1535654362585
438,2,2,7,a,1535654362559,1535654362706
439,2,2,7,r,1535654362747,1535654362859
440,2,2,7,u,1535654362827,1535654362896
441,2,2,8,i,1535654365727,1535654365800
442,2,2,8,n,1535654365911,1535654366071
443,2,2,8,u,1535654366047,1535654366145
444,2,2,8,m,1535654366300,1535654366428
445,2,2,8,o,1535654366422,1535654366483
446,2,2,8,a,1535654366881,1535654366996
447,2,2,8,r,1535654367115,1535654367220
448,2,2,8,u,1535654367249,1535654367293
449,2,2,8,k,1535654367465,1535654367560
450,2,2,8,e,1535654367563,1535654367662
451,2,2,8,b,1535654367711,1535654367800
452,2,2,8,a,1535654367806,1535654367917
453,2,2,8,b,1535654367932,1535654368038
454,2,2,8,o,1535654368012,1535654368127
455,2,2,8,u,1535654368126,1535654368219
456,2,2,8,n,1535654368316,1535654368440
457,2,2,8,i,1535654368410,1535654368525
458,2,2,8,a,1535654368552,1535654368671
459,2,2,8,t,1535654368721,1535654368806
460,2,2,8,a,1535654368788,1535654368919
461,2,2,8,r,1535654368960,1535654369078
462,2,2,8,u,1535654369068,1535654369139
463,2,2,9,i,1535654391485,1535654391561
464,2,2,9,n,1535654391691,1535654391894
465,2,2,9,u,1535654391846,1535654391935
466,2,2,9,m,1535654392123,1535654392269
467,2,2,9,o,1535654392235,1535654392342
468,2,2,9,a,1535654392715,1535654392850
469,2,2,9,r,1535654392904,1535654393024
470,2,2,9,u,1535654393020,1535654393080
471,2,2,9,k,1535654393235,1535654393325
472,2,2,9,e,1535654393332,1535654393422
473,2,2,9,b,1535654393464,1535654393558
474,2,2,9,a,1535654393545,1535654393640
475,2,2,9,b,1535654393819,1535654393973
476,2,2,9,o,1535654393964,1535654394077
477,2,2,9,u,1535654394120,1535654394217
478,2,2,9,n,1535654394357,1535654394466
479,2,2,9,i,1535654394404,1535654394532
480,2,2,9,a,1535654394655,1535654394788
481,2,2,9,t,1535654394827,1535654394919
482,2,2,9,a,1535654394906,1535654395036
483,2,2,9,r,1535654395043,1535654395151
484,2,2,9,u,1535654395155,1535654395227
485,2,2,10,i,1535654397632,1535654397723
486,2,2,10,n,1535654397839,1535654398015
487,2,2,10,u,1535654397967,1535654398048
488,2,2,10,m,1535654398200,1535654398324
489,2,2,10,o,1535654398272,1535654398389
490,2,2,10,a,1535654398505,1535654398622
491,2,2,10,r,1535654398664,1535654398792
492,2,2,10,u,1535654398780,1535654398847
493,2,2,10,k,1535654398981,1535654399076
494,2,2,10,e,1535654399061,1535654399153
495,2,2,10,b,1535654399190,1535654399270
496,2,2,10,a,1535654399262,1535654399350
497,2,2,10,b,1535654399409,1535654399593
498,2,2,10,o,1535654399575,1535654399732
499,2,2,10,u,1535654399736,1535654399833
500,2,2,10,n,1535654399940,1535654400081
501,2,2,10,i,1535654400024,1535654400144
502,2,2,10,a,1535654400180,1535654400303
503,2,2,10,t,1535654400304,1535654400412
504,2,2,10,a,1535654400398,1535654400521
505,2,2,10,r,1535654400539,1535654400653
506,2,2,10,u,1535654400662,1535654400730
507,2,2,11,i,1535654408329,1535654408412
508,2,2,11,n,1535654408527,1535654408688
509,2,2,11,u,1535654408653,1535654408756
510,2,2,11,m,1535654408927,1535654409058
511,2,2,11,o,1535654408986,1535654409106
512,2,2,11,a,1535654409221,1535654409334
513,2,2,11,r,1535654409388,1535654409526
514,2,2,11,u,1535654409522,1535654409579
515,2,2,11,k,1535654409724,1535654409825
516,2,2,11,e,1535654409827,1535654409916
517,2,2,11,b,1535654409972,1535654410060
518,2,2,11,a,1535654410048,1535654410153
519,2,2,11,b,1535654410204,1535654410320
520,2,2,11,o,1535654410265,1535654410381
521,2,2,11,u,1535654410418,1535654410517
522,2,2,11,n,1535654410667,1535654410808
523,2,2,11,i,1535654410767,1535654410878
524,2,2,11,a,1535654411009,1535654411136
525,2,2,11,t,1535654411150,1535654411262
526,2,2,11,a,1535654411240,1535654411362
527,2,2,11,r,1535654411376,1535654411482
528,2,2,11,u,1535654411477,1535654411539
529,3,3,0,i,1535672723824,1535672723943
530,3,3,0,n,1535672724106,1535672724269
531,3,3,0,u,1535672724650,1535672724751
532,3,3,0,m,1535672725072,1535672725254
533,3,3,0,o,1535672725234,1535672725356
534,3,3,0,a,1535672725884,1535672726027
535,3,3,0,r,1535672727206,1535672727308
536,3,3,0,u,1535672727350,1535672727470
537,3,3,0,k,1535672727684,1535672727826
538,3,3,0,e,1535672728055,1535672728155
539,3,3,0,b,1535672729026,1535672729147
540,3,3,0,a,1535672729178,1535672729299
541,3,3,0,b,1535672731064,1535672731247
542,3,3,0,o,1535672731531,1535672731713
543,3,3,0,u,1535672732171,1535672732272
544,3,3,0,n,1535672732710,1535672732852
545,3,3,0,i,1535672732872,1535672732973
546,3,3,0,a,1535672733375,1535672733517
547,3,3,0,t,1535672734092,1535672734275
548,3,3,0,a,1535672734234,1535672734376
549,3,3,0,r,1535672734858,1535672735001
550,3,3,0,u,1535672735062,1535672735163
551,3,3,1,i,1535672763528,1535672763710
552,3,3,1,n,1535672763799,1535672763919
553,3,3,1,u,1535672764041,1535672764184
554,3,3,1,m,1535672764478,1535672764641
555,3,3,1,o,1535672764676,1535672764818
556,3,3,1,a,1535672765038,1535672765160
557,3,3,1,r,1535672765570,1535672765719
558,3,3,1,u,1535672765714,1535672765813
559,3,3,1,k,1535672766013,1535672766135
560,3,3,1,e,1535672766257,1535672766399
561,3,3,1,b,1535672766846,1535672766947
562,3,3,1,a,1535672766977,1535672767101
563,3,3,1,b,1535672767492,1535672767655
564,3,3,1,o,1535672767685,1535672767825
565,3,3,1,u,1535672768553,1535672768655
566,3,3,1,n,1535672769016,1535672769158
567,3,3,1,i,1535672769137,1535672769278
568,3,3,1,a,1535672769767,1535672769910
569,3,3,1,t,1535672770154,1535672770335
570,3,3,1,a,1535672770296,1535672770418
571,3,3,1,r,1535672771048,1535672771209
572,3,3,1,u,1535672771241,1535672771342
573,3,3,2,i,1535672791099,1535672791241
574,3,3,2,n,1535672791374,1535672791515
575,3,3,2,u,1535672791652,1535672791774
576,3,3,2,m,1535672792069,1535672792232
577,3,3,2,o,1535672792262,1535672792384
578,3,3,2,a,1535672792528,1535672792669
579,3,3,2,r,1535672793004,1535672793147
580,3,3,2,u,1535672793167,1535672793269
581,3,3,2,k,1535672793430,1535672793593
582,3,3,2,e,1535672793650,1535672793772
583,3,3,2,b,1535672794158,1535672794280
584,3,3,2,a,1535672794301,1535672794402
585,3,3,2,b,1535672794671,1535672794834
586,3,3,2,o,1535672794864,1535672794986
587,3,3,2,u,1535672795239,1535672795342
588,3,3,2,n,1535672795779,1535672795926
589,3,3,2,i,1535672795921,1535672796023
590,3,3,2,a,1535672796333,1535672796537
591,3,3,2,t,1535672796878,1535672797059
592,3,3,2,a,1535672797069,1535672797243
593,3,3,2,r,1535672797866,1535672798029
594,3,3,2,u,1535672798061,1535672798161
595,3,3,3,i,1535672814347,1535672814489
596,3,3,3,n,1535672814662,1535672814825
597,3,3,3,u,1535672815023,1535672815124
598,3,3,3,m,1535672815450,1535672815593
599,3,3,3,o,1535672815634,1535672815754
600,3,3,3,a,1535672815878,1535672816039
601,3,3,3,r,1535672816324,1535672816466
602,3,3,3,u,1535672816533,1535672816655
603,3,3,3,k,1535672816859,1535672817000
604,3,3,3,e,1535672817052,1535672817172
605,3,3,3,b,1535672817616,1535672817717
606,3,3,3,a,1535672817747,1535672817848
607,3,3,3,b,1535672818154,1535672818296
608,3,3,3,o,1535672818469,1535672818611
609,3,3,3,u,1535672818825,1535672818907
610,3,3,3,n,1535672819190,1535672819312
611,3,3,3,i,1535672819333,1535672819455
612,3,3,3,a,1535672819556,1535672819719
613,3,3,3,t,1535672819990,1535672820172
614,3,3,3,a,1535672820133,1535672820314
615,3,3,3,r,1535672820349,1535672820512
616,3,3,3,u,1535672820593,1535672820715
617,3,3,4,i,1535672835296,1535672835418
618,3,3,4,n,1535672835581,1535672835724
619,3,3,4,u,1535672835861,1535672836004
620,3,3,4,m,1535672836170,1535672836333
621,3,3,4,o,1535672836365,1535672836507
622,3,3,4,a,1535672836607,1535672836749
623,3,3,4,r,1535672837121,1535672837284
624,3,3,4,u,1535672837264,1535672837344
625,3,3,4,k,1535672837471,1535672837655
626,3,3,4,e,1535672837707,1535672837848
627,3,3,4,b,1535672838255,1535672838377
628,3,3,4,a,1535672838397,1535672838478
629,3,3,4,b,1535672838620,1535672838744
630,3,3,4,o,1535672838763,1535672838947
631,3,3,4,u,1535672839027,1535672839149
632,3,3,4,n,1535672839347,1535672839508
633,3,3,4,i,1535672839491,1535672839592
634,3,3,4,a,1535672839689,1535672839850
635,3,3,4,t,1535672840053,1535672840195
636,3,3,4,a,1535672840156,1535672840319
637,3,3,4,r,1535672840384,1535672840547
638,3,3,4,u,1535672840599,1535672840699
639,3,3,5,i,1535672843110,1535672843271
640,3,3,5,n,1535672843420,1535672843581
641,3,3,5,u,1535672843703,1535672843825
642,3,3,5,m,1535672844710,1535672844792
643,3,3,5,o,1535672844811,1535672844954
644,3,3,5,a,1535672845264,1535672845407
645,3,3,5,r,1535672845721,1535672845898
646,3,3,5,u,1535672845885,1535672845965
647,3,3,5,k,1535672846154,1535672846296
648,3,3,5,e,1535672846363,1535672846505
649,3,3,5,b,1535672846907,1535672847027
650,3,3,5,a,1535672847034,1535672847149
651,3,3,5,b,1535672848069,1535672848253
652,3,3,5,o,1535672848305,1535672848425
653,3,3,5,u,1535672848579,1535672848682
654,3,3,5,n,1535672849082,1535672849262
655,3,3,5,i,1535672849245,1535672849347
656,3,3,5,a,1535672849443,1535672849565
657,3,3,5,t,1535672849834,1535672850036
658,3,3,5,a,1535672850018,1535672850179
659,3,3,5,r,1535672850241,1535672850404
660,3,3,5,u,1535672850489,1535672850592
661,3,3,6,i,1535672852533,1535672852634
662,3,3,6,n,1535672852823,1535672852986
663,3,3,6,u,1535672853204,1535672853326
664,3,3,6,m,1535672853616,1535672853813
665,3,3,6,o,1535672853800,1535672853942
666,3,3,6,a,1535672854038,1535672854200
667,3,3,6,r,1535672854586,1535672854760
668,3,3,6,u,1535672854749,1535672854811
669,3,3,6,k,1535672855020,1535672855202
670,3,3,6,e,1535672855285,1535672855404
671,3,3,6,b,1535672855760,1535672855903
672,3,3,6,a,1535672855917,1535672856025
673,3,3,6,b,1535672856229,1535672856370
674,3,3,6,o,1535672856392,1535672856616
675,3,3,6,u,1535672856634,1535672856696
676,3,3,6,n,1535672856949,1535672857082
677,3,3,6,i,1535672857073,1535672857213
678,3,3,6,a,1535672857459,1535672857581
679,3,3,6,t,1535672857834,1535672857977
680,3,3,6,a,1535672858363,1535672858485
681,3,3,6,r,1535672858963,1535672859105
682,3,3,6,u,1535672859211,1535672859333
683,3,3,7,i,1535672864253,1535672864395
684,3,3,7,n,1535672864538,1535672864701
685,3,3,7,u,1535672864807,1535672864970
686,3,3,7,m,1535672865101,1535672865285
687,3,3,7,o,1535672865308,1535672865448
688,3,3,7,a,1535672865489,1535672865632
689,3,3,7,r,1535672866023,1535672866170
690,3,3,7,u,1535672866165,1535672866266
691,3,3,7,k,1535672866510,1535672866694
692,3,3,7,e,1535672866754,1535672866896
693,3,3,7,b,1535672867308,1535672867409
694,3,3,7,a,1535672867441,1535672867583
695,3,3,7,b,1535672868554,1535672868696
696,3,3,7,o,1535672868793,1535672868974
697,3,3,7,u,1535672869128,1535672869269
698,3,3,7,n,1535672869590,1535672869754
699,3,3,7,i,1535672869733,1535672869855
700,3,3,7,a,1535672869937,1535672870140
701,3,3,7,t,1535672870379,1535672870561
702,3,3,7,a,1535672870521,1535672870705
703,3,3,7,r,1535672870811,1535672870972
704,3,3,7,u,1535672871099,1535672871222
705,3,3,8,i,1535672922489,1535672922632
706,3,3,8,n,1535672922942,1535672923085
707,3,3,8,u,1535672923222,1535672923365
708,3,3,8,m,1535672923873,1535672924075
709,3,3,8,o,1535672924055,1535672924218
710,3,3,8,a,1535672924519,1535672924641
711,3,3,8,r,1535672925169,1535672925331
712,3,3,8,u,1535672925363,1535672925485
713,3,3,8,k,1535672925698,1535672925859
714,3,3,8,e,1535672925926,1535672926048
715,3,3,8,b,1535672926487,1535672926627
716,3,3,8,a,1535672926636,1535672926749
717,3,3,8,b,1535672926938,1535672927059
718,3,3,8,o,1535672927080,1535672927243
719,3,3,8,u,1535672927335,1535672927455
720,3,3,8,n,1535672927629,1535672927832
721,3,3,8,i,1535672927813,1535672927914
722,3,3,8,a,1535672928098,1535672928218
723,3,3,8,t,1535672928508,1535672928671
724,3,3,8,a,1535672928699,1535672928793
725,3,3,8,r,1535672928901,1535672929041
726,3,3,8,u,1535672929062,1535672929144
727,3,3,9,i,1535672932255,1535672932356
728,3,3,9,n,1535672932600,1535672932742
729,3,3,9,u,1535672932859,1535672933000
730,3,3,9,m,1535672933246,1535672933409
731,3,3,9,o,1535672933429,1535672933592
732,3,3,9,a,1535672933678,1535672933820
733,3,3,9,r,1535672934018,1535672934197
734,3,3,9,u,1535672934181,1535672934262
735,3,3,9,k,1535672934420,1535672934542
736,3,3,9,e,1535672934632,1535672934776
737,3,3,9,b,1535672935121,1535672935243
738,3,3,9,a,1535672935264,1535672935365
739,3,3,9,b,1535672935538,1535672935701
740,3,3,9,o,1535672935721,1535672935903
741,3,3,9,u,1535672935944,1535672936046
742,3,3,9,n,1535672936261,1535672936429
743,3,3,9,i,1535672936423,1535672936524
744,3,3,9,a,1535672936671,1535672936813
745,3,3,9,t,1535672937372,1535672937576
746,3,3,9,a,1535672937632,1535672937836
747,3,3,9,r,1535672937937,1535672938099
748,3,3,9,u,1535672938121,1535672938202
749,3,3,10,i,1535672940722,1535672940804
750,3,3,10,n,1535672940942,1535672941103
751,3,3,10,u,1535672941230,1535672941354
752,3,3,10,m,1535672941689,1535672941876
753,3,3,10,o,1535672941871,1535672941993
754,3,3,10,a,1535672942121,1535672942282
755,3,3,10,r,1535672942533,1535672942719
756,3,3,10,u,1535672942715,1535672942836
757,3,3,10,k,1535672942979,1535672943101
758,3,3,10,e,1535672943197,1535672943340
759,3,3,10,b,1535672943650,1535672943793
760,3,3,10,a,1535672943823,1535672943965
761,3,3,10,b,1535672944117,1535672944280
762,3,3,10,o,1535672944514,1535672944678
763,3,3,10,u,1535672944885,1535672944988
764,3,3,10,n,1535672945317,1535672945533
765,3,3,10,i,1535672945521,1535672945643
766,3,3,10,a,1535672945779,1535672945983
767,3,3,10,t,1535672946289,1535672946471
768,3,3,10,a,1535672946450,1535672946634
769,3,3,10,r,1535672947804,1535672947905
770,3,3,10,u,1535672947949,1535672948073
771,3,3,11,i,1535672969708,1535672969852
772,3,3,11,n,1535672969967,1535672970091
773,3,3,11,u,1535672970192,1535672970356
774,3,3,11,m,1535672971050,1535672971193
775,3,3,11,o,1535672971215,1535672971335
776,3,3,11,a,1535672971487,1535672971630
777,3,3,11,r,1535672971976,1535672972138
778,3,3,11,u,1535672972099,1535672972200
779,3,3,11,k,1535672972367,1535672972530
780,3,3,11,e,1535672972560,1535672972703
781,3,3,11,b,1535672972951,1535672973094
782,3,3,11,a,1535672973114,1535672973195
783,3,3,11,b,1535672973374,1535672973496
784,3,3,11,o,1535672973535,1535672973719
785,3,3,11,u,1535672973738,1535672973843
786,3,3,11,n,1535672974041,1535672974193
787,3,3,11,i,1535672974181,1535672974284
788,3,3,11,a,1535672974379,1535672974521
789,3,3,11,t,1535672974792,1535672974933
790,3,3,11,a,1535672974954,1535672975078
791,3,3,11,r,1535672975158,1535672975342
792,3,3,11,u,1535672975321,1535672975402
793,4,4,0,i,1535680828902,1535680829015
794,4,4,0,n,1535680829111,1535680829231
795,4,4,0,u,1535680829306,1535680829389
796,4,4,0,m,1535680830113,1535680830222
797,4,4,0,o,1535680830269,1535680830385
798,4,4,0,a,1535680831263,1535680831372
799,4,4,0,r,1535680831891,1535680832036
800,4,4,0,u,1535680832061,1535680832104
801,4,4,0,k,1535680832262,1535680832362
802,4,4,0,e,1535680832480,1535680832625
803,4,4,0,b,1535680833002,1535680833144
804,4,4,0,a,1535680833128,1535680833287
805,4,4,0,b,1535680835557,1535680835718
806,4,4,0,o,1535680835698,1535680835827
807,4,4,0,u,1535680835963,1535680836034
808,4,4,0,n,1535680836335,1535680836467
809,4,4,0,i,1535680836496,1535680836582
810,4,4,0,a,1535680836741,1535680836870
811,4,4,0,t,1535680837312,1535680837494
812,4,4,0,a,1535680837525,1535680837677
813,4,4,0,r,1535680837857,1535680838045
814,4,4,0,u,1535680838018,1535680838106
815,4,4,1,i,1535680869213,1535680869319
816,4,4,1,n,1535680869428,1535680869635
817,4,4,1,u,1535680869605,1535680869659
818,4,4,1,m,1535680869993,1535680870110
819,4,4,1,o,1535680870172,1535680870281
820,4,4,1,a,1535680870997,1535680871122
821,4,4,1,r,1535680871265,1535680871406
822,4,4,1,u,1535680871451,1535680871523
823,4,4,1,k,1535680871707,1535680871775
824,4,4,1,e,1535680871881,1535680872009
825,4,4,1,b,1535680872376,1535680872544
826,4,4,1,a,1535680872575,1535680872727
827,4,4,1,b,1535680873128,1535680873258
828,4,4,1,o,1535680873292,1535680873385
829,4,4,1,u,1535680873580,1535680873648
830,4,4,1,n,1535680873791,1535680873947
831,4,4,1,i,1535680873923,1535680874011
832,4,4,1,a,1535680874204,1535680874337
833,4,4,1,t,1535680874848,1535680874986
834,4,4,1,a,1535680875537,1535680875645
835,4,4,1,r,1535680875780,1535680875938
836,4,4,1,u,1535680875956,1535680876042
837,4,4,2,i,1535680891453,1535680891582
838,4,4,2,n,1535680891646,1535680891827
839,4,4,2,u,1535680891847,1535680891900
840,4,4,2,m,1535680893128,1535680893231
841,4,4,2,o,1535680893326,1535680893437
842,4,4,2,a,1535680893764,1535680893877
843,4,4,2,r,1535680894408,1535680894553
844,4,4,2,u,1535680894636,1535680894691
845,4,4,2,k,1535680894983,1535680895097
846,4,4,2,e,1535680895213,1535680895303
847,4,4,2,b,1535680895594,1535680895743
848,4,4,2,a,1535680895757,1535680895900
849,4,4,2,b,1535680896449,1535680896578
850,4,4,2,o,1535680897131,1535680897276
851,4,4,2,u,1535680897505,1535680897593
852,4,4,2,n,1535680897832,1535680897966
853,4,4,2,i,1535680897997,1535680898135
854,4,4,2,a,1535680898666,1535680898768
855,4,4,2,t,1535680899274,1535680899473
856,4,4,2,a,1535680899448,1535680899585
857,4,4,2,r,1535680899766,1535680899924
858,4,4,2,u,1535680899943,1535680900008
859,4,4,3,i,1535680919793,1535680919916
860,4,4,3,n,1535680920025,1535680920210
861,4,4,3,u,1535680920185,1535680920271
862,4,4,3,m,1535680921024,1535680921135
863,4,4,3,o,1535680921197,1535680921313
864,4,4,3,a,1535680921564,1535680921662
865,4,4,3,r,1535680921981,1535680922086
866,4,4,3,u,1535680922183,1535680922269
867,4,4,3,k,1535680922854,1535680922984
868,4,4,3,e,1535680924117,1535680924228
869,4,4,3,b,1535680924886,1535680925020
870,4,4,3,a,1535680925040,1535680925156
871,4,4,3,b,1535680925603,1535680925732
872,4,4,3,o,1535680925967,1535680926063
873,4,4,3,u,1535680926226,1535680926306
874,4,4,3,n,1535680926392,1535680926535
875,4,4,3,i,1535680926509,1535680926587
876,4,4,3,a,1535680926800,1535680926925
877,4,4,3,t,1535680927213,1535680927344
878,4,4,3,a,1535680927407,1535680927519
879,4,4,3,r,1535680927578,1535680927732
880,4,4,3,u,1535680927755,1535680927834
881,4,4,4,i,1535680930365,1535680930457
882,4,4,4,n,1535680930569,1535680930716
883,4,4,4,u,1535680930754,1535680930832
884,4,4,4,m,1535680931124,1535680931229
885,4,4,4,o,1535680931285,1535680931394
886,4,4,4,a,1535680931584,1535680931695
887,4,4,4,r,1535680932020,1535680932165
888,4,4,4,u,1535680932204,1535680932269
889,4,4,4,k,1535680932485,1535680932573
890,4,4,4,e,1535680933224,1535680933340
891,4,4,4,b,1535680933646,1535680933782
892,4,4,4,a,1535680933793,1535680933938
893,4,4,4,b,1535680934133,1535680934263
894,4,4,4,o,1535680934471,1535680934612
895,4,4,4,u,1535680934857,1535680934923
896,4,4,4,n,1535680935514,1535680935643
897,4,4,4,i,1535680935673,1535680935770
898,4,4,4,a,1535680935979,1535680936108
899,4,4,4,t,1535680936412,1535680936543
900,4,4,4,a,1535680936641,1535680936727
901,4,4,4,r,1535680936943,1535680937065
902,4,4,4,u,1535680937127,1535680937195
903,4,4,5,i,1535680939201,1535680939344
904,4,4,5,n,1535680940204,1535680940369
905,4,4,5,u,1535680940378,1535680940446
906,4,4,5,m,1535680940772,1535680940879
907,4,4,5,o,1535680940972,1535680941074
908,4,4,5,a,1535680941344,1535680941455
909,4,4,5,r,1535680941693,1535680941784
910,4,4,5,u,1535680941809,1535680941889
911,4,4,5,k,1535680942118,1535680942233
912,4,4,5,e,1535680942348,1535680942450
913,4,4,5,b,1535680942886,1535680943061
914,4,4,5,a,1535680943034,1535680943172
915,4,4,5,b,1535680943607,1535680943734
916,4,4,5,o,1535680943847,1535680943967
917,4,4,5,u,1535680944122,1535680944192
918,4,4,5,n,1535680944315,1535680944437
919,4,4,5,i,1535680944424,1535680944521
920,4,4,5,a,1535680944764,1535680944873
921,4,4,5,t,1535680945045,1535680945152
922,4,4,5,a,1535680945258,1535680945367
923,4,4,5,r,1535680945568,1535680945711
924,4,4,5,u,1535680945802,1535680945879
925,4,4,6,i,1535680947616,1535680947725
926,4,4,6,n,1535680947800,1535680947924
927,4,4,6,u,1535680948081,1535680948156
928,4,4,6,m,1535680948435,1535680948546
929,4,4,6,o,1535680948575,1535680948684
930,4,4,6,a,1535680948992,1535680949113
931,4,4,6,r,1535680950022,1535680950179
932,4,4,6,u,1535680950199,1535680950242
933,4,4,6,k,1535680950428,1535680950494
934,4,4,6,e,1535680950627,1535680950736
935,4,4,6,b,1535680950932,1535680951072
936,4,4,6,a,1535680951104,1535680951272
937,4,4,6,b,1535680951802,1535680951947
938,4,4,6,o,1535680951972,1535680952074
939,4,4,6,u,1535680952233,1535680952288
940,4,4,6,n,1535680952435,1535680952544
941,4,4,6,i,1535680952568,1535680952678
942,4,4,6,a,1535680953306,1535680953435
943,4,4,6,t,1535680953639,1535680953746
944,4,4,6,a,1535680953827,1535680953956
945,4,4,6,r,1535680954034,1535680954151
946,4,4,6,u,1535680954240,1535680954323
947,4,4,7,i,1535680964079,1535680964149
948,4,4,7,n,1535680964621,1535680964764
949,4,4,7,u,1535680964791,1535680964877
950,4,4,7,m,1535680965957,1535680966050
951,4,4,7,o,1535680966117,1535680966240
952,4,4,7,a,1535680966417,1535680966544
953,4,4,7,r,1535680966902,1535680967058
954,4,4,7,u,1535680967092,1535680967167
955,4,4,7,k,1535680967358,1535680967416
956,4,4,7,e,1535680967738,1535680967845
957,4,4,7,b,1535680968312,1535680968462
958,4,4,7,a,1535680968503,1535680968623
959,4,4,7,b,1535680969310,1535680969451
960,4,4,7,o,1535680969548,1535680969678
961,4,4,7,u,1535680969811,1535680969884
962,4,4,7,n,1535680969959,1535680970124
963,4,4,7,i,1535680970099,1535680970179
964,4,4,7,a,1535680970406,1535680970514
965,4,4,7,t,1535680971090,1535680971217
966,4,4,7,a,1535680971238,1535680971430
967,4,4,7,r,1535680971505,1535680971682
968,4,4,7,u,1535680971705,1535680971798
969,4,4,8,i,1535680973476,1535680973582
970,4,4,8,n,1535680973680,1535680973820
971,4,4,8,u,1535680973832,1535680973897
972,4,4,8,m,1535680974101,1535680974195
973,4,4,8,o,1535680974258,1535680974364
974,4,4,8,a,1535680974575,1535680974721
975,4,4,8,r,1535680975036,1535680975235
976,4,4,8,u,1535680975208,1535680975272
977,4,4,8,k,1535680975424,1535680975516
978,4,4,8,e,1535680975594,1535680975696
979,4,4,8,b,1535680976026,1535680976181
980,4,4,8,a,1535680976186,1535680976324
981,4,4,8,b,1535680976857,1535680976983
982,4,4,8,o,1535680977006,1535680977108
983,4,4,8,u,1535680977229,1535680977294
984,4,4,8,n,1535680977403,1535680977532
985,4,4,8,i,1535680977517,1535680977591
986,4,4,8,a,1535680977755,1535680977873
987,4,4,8,t,1535680978197,1535680978315
988,4,4,8,a,1535680978451,1535680978567
989,4,4,8,r,1535680978882,1535680979024
990,4,4,8,u,1535680979056,1535680979135
991,4,4,9,i,1535680989788,1535680989875
992,4,4,9,n,1535680989975,1535680990140
993,4,4,9,u,1535680990110,1535680990174
994,4,4,9,m,1535680990462,1535680990564
995,4,4,9,o,1535680990593,1535680990689
996,4,4,9,a,1535680990884,1535680991009
997,4,4,9,r,1535680991698,1535680991782
998,4,4,9,u,1535680991888,1535680991972
999,4,4,9,k,1535680992167,1535680992262
1000,4,4,9,e,1535680992347,1535680992451
1001,4,4,9,b,1535680992755,1535680992895
1002,4,4,9,a,1535680992916,1535680993063
1003,4,4,9,b,1535680993528,1535680993662
1004,4,4,9,o,1535680993689,1535680993779
1005,4,4,9,u,1535680993950,1535680994015
1006,4,4,9,n,1535680994093,1535680994224
1007,4,4,9,i,1535680994197,1535680994285
1008,4,4,9,a,1535680994508,1535680994641
1009,4,4,9,t,1535680994854,1535680994984
1010,4,4,9,a,1535680995054,1535680995187
1011,4,4,9,r,1535680995280,1535680995421
1012,4,4,9,u,1535680995466,1535680995541
1013,4,4,10,i,1535680996868,1535680996945
1014,4,4,10,n,1535680997043,1535680997185
1015,4,4,10,u,1535680997299,1535680997383
1016,4,4,10,m,1535680997723,1535680997827
1017,4,4,10,o,1535680997873,1535680997981
1018,4,4,10,a,1535680998396,1535680998553
1019,4,4,10,r,1535680998750,1535680998938
1020,4,4,10,u,1535680998907,1535680998974
1021,4,4,10,k,1535680999158,1535680999226
1022,4,4,10,e,1535680999369,1535680999480
1023,4,4,10,b,1535680999732,1535680999879
1024,4,4,10,a,1535680999907,1535681000058
1025,4,4,10,b,1535681000263,1535681000383
1026,4,4,10,o,1535681000526,1535681000628
1027,4,4,10,u,1535681000999,1535681001070
1028,4,4,10,n,1535681001258,1535681001381
1029,4,4,10,i,1535681001367,1535681001469
1030,4,4,10,a,1535681001686,1535681001827
1031,4,4,10,t,1535681002063,1535681002190
1032,4,4,10,a,1535681002249,1535681002362
1033,4,4,10,r,1535681002478,1535681002607
1034,4,4,10,u,1535681002678,1535681002752
1035,4,4,11,i,1535681016483,1535681016548
1036,4,4,11,n,1535681016634,1535681016784
1037,4,4,11,u,1535681016825,1535681016893
1038,4,4,11,m,1535681017255,1535681017414
1039,4,4,11,o,1535681017376,1535681017548
1040,4,4,11,a,1535681017800,1535681017924
1041,4,4,11,r,1535681019017,1535681019151
1042,4,4,11,u,1535681019176,1535681019258
1043,4,4,11,k,1535681019616,1535681019723
1044,4,4,11,e,1535681019981,1535681020079
1045,4,4,11,b,1535681020319,1535681020466
1046,4,4,11,a,1535681020473,1535681020578
1047,4,4,11,b,1535681022451,1535681022585
1048,4,4,11,o,1535681023176,1535681023290
1049,4,4,11,u,1535681023759,1535681023893
1050,4,4,11,n,1535681024655,1535681024820
1051,4,4,11,i,1535681024836,1535681024950
1052,4,4,11,a,1535681025247,1535681025380
1053,4,4,11,t,1535681025544,1535681025671
1054,4,4,11,a,1535681025730,1535681025854
1055,4,4,11,r,1535681025920,1535681026077
1056,4,4,11,u,1535681026149,1535681026215
1057,6,6,0,i,1535690469420,1535690469549
1058,6,6,0,n,1535690470121,1535690470240
1059,6,6,0,u,1535690470370,1535690470490
1060,6,6,0,m,1535690470938,1535690471080
1061,6,6,0,o,1535690471131,1535690471320
1062,6,6,0,a,1535690471698,1535690471849
1063,6,6,0,r,1535690472090,1535690472272
1064,6,6,0,u,1535690472259,1535690472420
1065,6,6,0,k,1535690472699,1535690472854
1066,6,6,0,e,1535690472959,1535690473150
1067,6,6,0,b,1535690473949,1535690474129
1068,6,6,0,a,1535690474068,1535690474249
1069,6,6,0,b,1535690474490,1535690474710
1070,6,6,0,o,1535690474809,1535690475058
1071,6,6,0,u,1535690475009,1535690475229
1072,6,6,0,n,1535690475950,1535690476119
1073,6,6,0,i,1535690476099,1535690476279
1074,6,6,0,a,1535690476649,1535690476769
1075,6,6,0,t,1535690477249,1535690477418
1076,6,6,0,a,1535690477389,1535690477569
1077,6,6,0,r,1535690477669,1535690477856
1078,6,6,0,u,1535690477850,1535690477999
1079,6,6,1,i,1535690479959,1535690480069
1080,6,6,1,n,1535690480528,1535690480629
1081,6,6,1,u,1535690480760,1535690480838
1082,6,6,1,m,1535690481150,1535690481298
1083,6,6,1,o,1535690481259,1535690481429
1084,6,6,1,a,1535690481939,1535690482079
1085,6,6,1,r,1535690482379,1535690482536
1086,6,6,1,u,1535690482530,1535690482709
1087,6,6,1,k,1535690482960,1535690483130
1088,6,6,1,e,1535690483169,1535690483329
1089,6,6,1,b,1535690483619,1535690483779
1090,6,6,1,a,1535690483729,1535690483909
1091,6,6,1,b,1535690484399,1535690484558
1092,6,6,1,o,1535690484629,1535690484878
1093,6,6,1,u,1535690484829,1535690485019
1094,6,6,1,n,1535690485350,1535690485528
1095,6,6,1,i,1535690485458,1535690485658
1096,6,6,1,a,1535690486039,1535690486189
1097,6,6,1,t,1535690486449,1535690486608
1098,6,6,1,a,1535690486569,1535690486730
1099,6,6,1,r,1535690486829,1535690487028
1100,6,6,1,u,1535690486989,1535690487150
1101,6,6,2,i,1535690488629,1535690488758
1102,6,6,2,n,1535690488889,1535690488999
1103,6,6,2,u,1535690489108,1535690489198
1104,6,6,2,m,1535690489449,1535690489598
1105,6,6,2,o,1535690489558,1535690489709
1106,6,6,2,a,1535690490078,1535690490248
1107,6,6,2,r,1535690490478,1535690490657
1108,6,6,2,u,1535690490638,1535690490799
1109,6,6,2,k,1535690491038,1535690491219
1110,6,6,2,e,1535690491224,1535690491408
1111,6,6,2,b,1535690491738,1535690491907
1112,6,6,2,a,1535690491848,1535690492049
1113,6,6,2,b,1535690492578,1535690492738
1114,6,6,2,o,1535690492788,1535690492977
1115,6,6,2,u,1535690492928,1535690493099
1116,6,6,2,n,1535690493278,1535690493439
1117,6,6,2,i,1535690493378,1535690493548
1118,6,6,2,a,1535690494108,1535690494258
1119,6,6,2,t,1535690494548,1535690494727
1120,6,6,2,a,1535690494688,1535690494858
1121,6,6,2,r,1535690494898,1535690495088
1122,6,6,2,u,1535690495068,1535690495218
1123,6,6,3,i,1535690496667,1535690496808
1124,6,6,3,n,1535690496898,1535690497028
1125,6,6,3,u,1535690497138,1535690497228
1126,6,6,3,m,1535690497499,1535690497658
1127,6,6,3,o,1535690497628,1535690497768
1128,6,6,3,a,1535690498388,1535690498549
1129,6,6,3,r,1535690498798,1535690498978
1130,6,6,3,u,1535690498988,1535690499148
1131,6,6,3,k,1535690499428,1535690499568
1132,6,6,3,e,1535690499589,1535690499758
1133,6,6,3,b,1535690500241,1535690500387
1134,6,6,3,a,1535690500328,1535690500528
1135,6,6,3,b,1535690500839,1535690501047
1136,6,6,3,o,1535690501029,1535690501188
1137,6,6,3,u,1535690501139,1535690501348
1138,6,6,3,n,1535690501529,1535690501678
1139,6,6,3,i,1535690501638,1535690501798
1140,6,6,3,a,1535690502168,1535690502338
1141,6,6,3,t,1535690502689,1535690502867
1142,6,6,3,a,1535690502818,1535690502998
1143,6,6,3,r,1535690503018,1535690503227
1144,6,6,3,u,1535690503199,1535690503358
1145,6,6,4,i,1535690504778,1535690504898
1146,6,6,4,n,1535690505018,1535690505118
1147,6,6,4,u,1535690505238,1535690505308
1148,6,6,4,m,1535690505608,1535690505768
1149,6,6,4,o,1535690505748,1535690505909
1150,6,6,4,a,1535690506337,1535690506498
1151,6,6,4,r,1535690506798,1535690506969
1152,6,6,4,u,1535690506958,1535690507109
1153,6,6,4,k,1535690507447,1535690507609
1154,6,6,4,e,1535690507611,1535690507788
1155,6,6,4,b,1535690508368,1535690508538
1156,6,6,4,a,1535690508468,1535690508648
1157,6,6,4,b,1535690508767,1535690508978
1158,6,6,4,o,1535690508968,1535690509157
1159,6,6,4,u,1535690509088,1535690509258
1160,6,6,4,n,1535690509448,1535690509617
1161,6,6,4,i,1535690509558,1535690509728
1162,6,6,4,a,1535690510129,1535690510268
1163,6,6,4,t,1535690510489,1535690510661
1164,6,6,4,a,1535690510648,1535690510957
1165,6,6,4,r,1535690511068,1535690511259
1166,6,6,4,u,1535690511261,1535690511418
1167,6,6,5,i,1535690512648,1535690512798
1168,6,6,5,n,1535690512888,1535690513008
1169,6,6,5,u,1535690513118,1535690513228
1170,6,6,5,m,1535690513518,1535690513677
1171,6,6,5,o,1535690513638,1535690513808
1172,6,6,5,a,1535690514118,1535690514318
1173,6,6,5,r,1535690514488,1535690514653
1174,6,6,5,u,1535690514649,1535690514818
1175,6,6,5,k,1535690515038,1535690515209
1176,6,6,5,e,1535690515228,1535690515368
1177,6,6,5,b,1535690515868,1535690516048
1178,6,6,5,a,1535690515998,1535690516178
1179,6,6,5,b,1535690516578,1535690516728
1180,6,6,5,o,1535690516747,1535690516937
1181,6,6,5,u,1535690516888,1535690517048
1182,6,6,5,n,1535690517268,1535690517417
1183,6,6,5,i,1535690517358,1535690517538
1184,6,6,5,a,1535690517858,1535690518009
1185,6,6,5,t,1535690518299,1535690518498
1186,6,6,5,a,1535690518469,1535690518659
1187,6,6,5,r,1535690518698,1535690518882
1188,6,6,5,u,1535690518868,1535690519049
1189,6,6,6,i,1535690520479,1535690520608
1190,6,6,6,n,1535690520729,1535690520848
1191,6,6,6,u,1535690520938,1535690521058
1192,6,6,6,m,1535690521598,1535690521737
1193,6,6,6,o,1535690521708,1535690521859
1194,6,6,6,a,1535690522199,1535690522338
1195,6,6,6,r,1535690522578,1535690522747
1196,6,6,6,u,1535690522718,1535690522878
1197,6,6,6,k,1535690523138,1535690523338
1198,6,6,6,e,1535690523341,1535690523508
1199,6,6,6,b,1535690524038,1535690524207
1200,6,6,6,a,1535690524168,1535690524339
1201,6,6,6,b,1535690524398,1535690524608
1202,6,6,6,o,1535690524618,1535690524807
1203,6,6,6,u,1535690524728,1535690524919
1204,6,6,6,n,1535690525348,1535690525518
1205,6,6,6,i,1535690525469,1535690525638
1206,6,6,6,a,1535690526188,1535690526298
1207,6,6,6,t,1535690526568,1535690526747
1208,6,6,6,a,1535690526738,1535690526928
1209,6,6,6,r,1535690526948,1535690527128
1210,6,6,6,u,1535690527119,1535690527258
1211,6,6,7,i,1535690529128,1535690529268
1212,6,6,7,n,1535690529368,1535690529488
1213,6,6,7,u,1535690529588,1535690529687
1214,6,6,7,m,1535690529958,1535690530148
1215,6,6,7,o,1535690530118,1535690530318
1216,6,6,7,a,1535690530738,1535690530869
1217,6,6,7,r,1535690531138,1535690531327
1218,6,6,7,u,1535690531288,1535690531449
1219,6,6,7,k,1535690531617,1535690531798
1220,6,6,7,e,1535690531838,1535690531989
1221,6,6,7,b,1535690532489,1535690532667
1222,6,6,7,a,1535690532638,1535690532788
1223,6,6,7,b,1535690532928,1535690533148
1224,6,6,7,o,1535690533178,1535690533387
1225,6,6,7,u,1535690533298,1535690533489
1226,6,6,7,n,1535690533788,1535690533929
1227,6,6,7,i,1535690533878,1535690534068
1228,6,6,7,a,1535690534398,1535690534538
1229,6,6,7,t,1535690534788,1535690534983
1230,6,6,7,a,1535690534978,1535690535139
1231,6,6,7,r,1535690535248,1535690535428
1232,6,6,7,u,1535690535458,1535690535588
1233,6,6,8,i,1535690537328,1535690537468
1234,6,6,8,n,1535690537558,1535690537698
1235,6,6,8,u,1535690537798,1535690537938
1236,6,6,8,m,1535690538178,1535690538338
1237,6,6,8,o,1535690538308,1535690538488
1238,6,6,8,a,1535690538788,1535690538938
1239,6,6,8,r,1535690539217,1535690539407
1240,6,6,8,u,1535690539358,1535690539528
1241,6,6,8,k,1535690539748,1535690539939
1242,6,6,8,e,1535690539941,1535690540108
1243,6,6,8,b,1535690540777,1535690540968
1244,6,6,8,a,1535690540918,1535690541058
1245,6,6,8,b,1535690541208,1535690541528
1246,6,6,8,o,1535690541748,1535690541958
1247,6,6,8,u,1535690541868,1535690542048
1248,6,6,8,n,1535690542819,1535690542979
1249,6,6,8,i,1535690542928,1535690543078
1250,6,6,8,a,1535690543362,1535690543491
1251,6,6,8,t,1535690543872,1535690544061
1252,6,6,8,a,1535690544020,1535690544213
1253,6,6,8,r,1535690544812,1535690544981
1254,6,6,8,u,1535690544932,1535690545103
1255,6,6,9,i,1535690556191,1535690556321
1256,6,6,9,n,1535690556451,1535690556561
1257,6,6,9,u,1535690556661,1535690556761
1258,6,6,9,m,1535690556961,1535690557151
1259,6,6,9,o,1535690557132,1535690557281
1260,6,6,9,a,1535690557691,1535690557832
1261,6,6,9,r,1535690558092,1535690558252
1262,6,6,9,u,1535690558271,1535690558402
1263,6,6,9,k,1535690558671,1535690558831
1264,6,6,9,e,1535690558812,1535690558981
1265,6,6,9,b,1535690559461,1535690559641
1266,6,6,9,a,1535690559651,1535690559832
1267,6,6,9,b,1535690559992,1535690560192
1268,6,6,9,o,1535690560201,1535690560421
1269,6,6,9,u,1535690560392,1535690560512
1270,6,6,9,n,1535690560831,1535690560981
1271,6,6,9,i,1535690560921,1535690561071
1272,6,6,9,a,1535690561541,1535690561671
1273,6,6,9,t,1535690561931,1535690562105
1274,6,6,9,a,1535690562091,1535690562271
1275,6,6,9,r,1535690562382,1535690562592
1276,6,6,9,u,1535690562595,1535690562742
1277,6,6,10,i,1535690564082,1535690564202
1278,6,6,10,n,1535690564372,1535690564481
1279,6,6,10,u,1535690564582,1535690564682
1280,6,6,10,m,1535690564872,1535690565041
1281,6,6,10,o,1535690565002,1535690565171
1282,6,6,10,a,1535690565821,1535690565971
1283,6,6,10,r,1535690566332,1535690566482
1284,6,6,10,u,1535690566471,1535690566622
1285,6,6,10,k,1535690566922,1535690567061
1286,6,6,10,e,1535690567031,1535690567191
1287,6,6,10,b,1535690567621,1535690567761
1288,6,6,10,a,1535690567711,1535690567871
1289,6,6,10,b,1535690567930,1535690568114
1290,6,6,10,o,1535690568161,1535690568310
1291,6,6,10,u,1535690568240,1535690568451
1292,6,6,10,n,1535690568752,1535690568921
1293,6,6,10,i,1535690568871,1535690569031
1294,6,6,10,a,1535690569532,1535690569672
1295,6,6,10,t,1535690569931,1535690570120
1296,6,6,10,a,1535690570081,1535690570270
1297,6,6,10,r,1535690570791,1535690570931
1298,6,6,10,u,1535690570901,1535690571032
1299,6,6,11,i,1535690584541,1535690584681
1300,6,6,11,n,1535690584880,1535690585010
1301,6,6,11,u,1535690585080,1535690585251
1302,6,6,11,m,1535690585471,1535690585680
1303,6,6,11,o,1535690585641,1535690585820
1304,6,6,11,a,1535690586171,1535690586320
1305,6,6,11,r,1535690586540,1535690586702
1306,6,6,11,u,1535690586690,1535690586840
1307,6,6,11,k,1535690586960,1535690587131
1308,6,6,11,e,1535690587101,1535690587260
1309,6,6,11,b,1535690587640,1535690587799
1310,6,6,11,a,1535690587770,1535690587959
1311,6,6,11,b,1535690587969,1535690588141
1312,6,6,11,o,1535690588221,1535690588370
1313,6,6,11,u,1535690588300,1535690588500
1314,6,6,11,n,1535690588911,1535690589060
1315,6,6,11,i,1535690589010,1535690589160
1316,6,6,11,a,1535690589431,1535690589590
1317,6,6,11,t,1535690590010,1535690590169
1318,6,6,11,a,1535690590150,1535690590340
1319,6,6,11,r,1535690590540,1535690590729
1320,6,6,11,u,1535690590670,1535690590840
1321,7,7,0,i,1535700141960,1535700142126
1322,7,7,0,n,1535700142164,1535700142297
1323,7,7,0,u,1535700142263,1535700142401
1324,7,7,0,m,1535700142492,1535700142668
1325,7,7,0,o,1535700142632,1535700142774
1326,7,7,0,a,1535700142948,1535700143111
1327,7,7,0,r,1535700143131,1535700143281
1328,7,7,0,u,1535700143267,1535700143351
1329,7,7,0,k,1535700143470,1535700143605
1330,7,7,0,e,1535700143603,1535700143740
1331,7,7,0,b,1535700143795,1535700143941
1332,7,7,0,a,1535700143933,1535700144038
1333,7,7,0,b,1535700144122,1535700144262
1334,7,7,0,o,1535700144292,1535700144511
1335,7,7,0,u,1535700144509,1535700144638
1336,7,7,0,n,1535700145093,1535700145255
1337,7,7,0,i,1535700145201,1535700145343
1338,7,7,0,a,1535700145407,1535700145568
1339,7,7,0,t,1535700145613,1535700145789
1340,7,7,0,a,1535700145781,1535700145974
1341,7,7,0,r,1535700145934,1535700146127
1342,7,7,0,u,1535700146130,1535700146207
1343,7,7,1,i,1535700149350,1535700149520
1344,7,7,1,n,1535700149523,1535700149700
1345,7,7,1,u,1535700149667,1535700149780
1346,7,7,1,m,1535700149901,1535700150087
1347,7,7,1,o,1535700150034,1535700150175
1348,7,7,1,a,1535700150236,1535700150417
1349,7,7,1,r,1535700150357,1535700150548
1350,7,7,1,u,1535700150558,1535700150657
1351,7,7,1,k,1535700150933,1535700151063
1352,7,7,1,e,1535700151068,1535700151171
1353,7,7,1,b,1535700151325,1535700151488
1354,7,7,1,a,1535700151481,1535700151602
1355,7,7,1,b,1535700151730,1535700151892
1356,7,7,1,o,1535700151955,1535700152178
1357,7,7,1,u,1535700152410,1535700152544
1358,7,7,1,n,1535700152742,1535700152920
1359,7,7,1,i,1535700152874,1535700153016
1360,7,7,1,a,1535700153109,1535700153257
1361,7,7,1,t,1535700153285,1535700153446
1362,7,7,1,a,1535700153433,1535700153614
1363,7,7,1,r,1535700153552,1535700153742
1364,7,7,1,u,1535700153724,1535700153806
1365,7,7,2,i,1535700155460,1535700155610
1366,7,7,2,n,1535700155597,1535700155823
1367,7,7,2,u,1535700155749,1535700155903
1368,7,7,2,m,1535700156012,1535700156169
1369,7,7,2,o,1535700156120,1535700156253
1370,7,7,2,a,1535700156400,1535700156575
1371,7,7,2,r,1535700156573,1535700156747
1372,7,7,2,u,1535700156749,1535700156834
1373,7,7,2,k,1535700156943,1535700157105
1374,7,7,2,e,1535700157032,1535700157153
1375,7,7,2,b,1535700157264,1535700157398
1376,7,7,2,a,1535700157375,1535700157482
1377,7,7,2,b,1535700157606,1535700157788
1378,7,7,2,o,1535700157805,1535700157999
1379,7,7,2,u,1535700157954,1535700158087
1380,7,7,2,n,1535700158223,1535700158388
1381,7,7,2,i,1535700158312,1535700158445
1382,7,7,2,a,1535700158460,1535700158585
1383,7,7,2,t,1535700158672,1535700158781
1384,7,7,2,a,1535700158777,1535700158945
1385,7,7,2,r,1535700158909,1535700159078
1386,7,7,2,u,1535700159072,1535700159153
1387,7,7,3,i,1535700161863,1535700162030
1388,7,7,3,n,1535700162046,1535700162212
1389,7,7,3,u,1535700162174,1535700162286
1390,7,7,3,m,1535700162400,1535700162542
1391,7,7,3,o,1535700162509,1535700162669
1392,7,7,3,a,1535700162756,1535700162942
1393,7,7,3,r,1535700162880,1535700163041
1394,7,7,3,u,1535700163037,1535700163122
1395,7,7,3,k,1535700163226,1535700163360
1396,7,7,3,e,1535700163319,1535700163432
1397,7,7,3,b,1535700163529,1535700163646
1398,7,7,3,a,1535700163624,1535700163742
1399,7,7,3,b,1535700163859,1535700164013
1400,7,7,3,o,1535700164028,1535700164226
1401,7,7,3,u,1535700164193,1535700164326
1402,7,7,3,n,1535700164463,1535700164633
1403,7,7,3,i,1535700164579,1535700164709
1404,7,7,3,a,1535700164802,1535700164929
1405,7,7,3,t,1535700164985,1535700165097
1406,7,7,3,a,1535700165093,1535700165259
1407,7,7,3,r,1535700165221,1535700165397
1408,7,7,3,u,1535700165389,1535700165491
1409,7,7,4,i,1535700167040,1535700167185
1410,7,7,4,n,1535700167210,1535700167366
1411,7,7,4,u,1535700167342,1535700167463
1412,7,7,4,m,1535700167573,1535700167719
1413,7,7,4,o,1535700167688,1535700167831
1414,7,7,4,a,1535700167926,1535700168127
1415,7,7,4,r,1535700168074,1535700168231
1416,7,7,4,u,1535700168240,1535700168332
1417,7,7,4,k,1535700168481,1535700168604
1418,7,7,4,e,1535700168620,1535700168746
1419,7,7,4,b,1535700168840,1535700168984
1420,7,7,4,a,1535700168976,1535700169101
1421,7,7,4,b,1535700169344,1535700169507
1422,7,7,4,o,1535700169559,1535700169745
1423,7,7,4,u,1535700169716,1535700169854
1424,7,7,4,n,1535700169977,1535700170159
1425,7,7,4,i,1535700170097,1535700170219
1426,7,7,4,a,1535700170309,1535700170438
1427,7,7,4,t,1535700170544,1535700170686
1428,7,7,4,a,1535700170684,1535700170862
1429,7,7,4,r,1535700170801,1535700171002
1430,7,7,4,u,1535700171010,1535700171134
1431,7,7,5,i,1535700173908,1535700174062
1432,7,7,5,n,1535700174089,1535700174251
1433,7,7,5,u,1535700174236,1535700174346
1434,7,7,5,m,1535700174478,1535700174655
1435,7,7,5,o,1535700174594,1535700174728
1436,7,7,5,a,1535700174925,1535700175148
1437,7,7,5,r,1535700175078,1535700175268
1438,7,7,5,u,1535700175242,1535700175335
1439,7,7,5,k,1535700175460,1535700175587
1440,7,7,5,e,1535700175586,1535700175708
1441,7,7,5,b,1535700175766,1535700175907
1442,7,7,5,a,1535700175895,1535700176032
1443,7,7,5,b,1535700176182,1535700176361
1444,7,7,5,o,1535700176384,1535700176569
1445,7,7,5,u,1535700176548,1535700176665
1446,7,7,5,n,1535700176825,1535700176983
1447,7,7,5,i,1535700176917,1535700177046
1448,7,7,5,a,1535700177117,1535700177244
1449,7,7,5,t,1535700177302,1535700177432
1450,7,7,5,a,1535700177430,1535700177624
1451,7,7,5,r,1535700177574,1535700177747
1452,7,7,5,u,1535700177718,1535700177808
1453,7,7,6,i,1535700179205,1535700179358
1454,7,7,6,n,1535700179376,1535700179538
1455,7,7,6,u,1535700179499,1535700179654
1456,7,7,6,m,1535700179782,1535700179971
1457,7,7,6,o,1535700179907,1535700180035
1458,7,7,6,a,1535700180123,1535700180316
1459,7,7,6,r,1535700180264,1535700180426
1460,7,7,6,u,1535700180391,1535700180490
1461,7,7,6,k,1535700180616,1535700180737
1462,7,7,6,e,1535700180746,1535700180869
1463,7,7,6,b,1535700180974,1535700181119
1464,7,7,6,a,1535700181094,1535700181217
1465,7,7,6,b,1535700181319,1535700181497
1466,7,7,6,o,1535700181549,1535700181730
1467,7,7,6,u,1535700181685,1535700181803
1468,7,7,6,n,1535700181954,1535700182099
1469,7,7,6,i,1535700182031,1535700182160
1470,7,7,6,a,1535700182181,1535700182322
1471,7,7,6,t,1535700182400,1535700182513
1472,7,7,6,a,1535700182496,1535700182676
1473,7,7,6,r,1535700182635,1535700182817
1474,7,7,6,u,1535700182856,1535700182975
1475,7,7,7,i,1535700184666,1535700184820
1476,7,7,7,n,1535700184863,1535700185020
1477,7,7,7,u,1535700184973,1535700185093
1478,7,7,7,m,1535700185220,1535700185361
1479,7,7,7,o,1535700185324,1535700185458
1480,7,7,7,a,1535700185577,1535700185754
1481,7,7,7,r,1535700185721,1535700185876
1482,7,7,7,u,1535700185874,1535700185954
1483,7,7,7,k,1535700186087,1535700186209
1484,7,7,7,e,1535700186219,1535700186346
1485,7,7,7,b,1535700186407,1535700186528
1486,7,7,7,a,1535700186549,1535700186666
1487,7,7,7,b,1535700186889,1535700187047
1488,7,7,7,o,1535700187088,1535700187281
1489,7,7,7,u,1535700187240,1535700187353
1490,7,7,7,n,1535700187520,1535700187653
1491,7,7,7,i,1535700187588,1535700187718
1492,7,7,7,a,1535700187753,1535700187883
1493,7,7,7,t,1535700187972,1535700188065
1494,7,7,7,a,1535700188070,1535700188277
1495,7,7,7,r,1535700188228,1535700188410
1496,7,7,7,u,1535700188396,1535700188497
1497,7,7,8,i,1535700189951,1535700190137
1498,7,7,8,n,1535700190167,1535700190350
1499,7,7,8,u,1535700190320,1535700190423
1500,7,7,8,m,1535700190548,1535700190713
1501,7,7,8,o,1535700190672,1535700190801
1502,7,7,8,a,1535700190834,1535700190975
1503,7,7,8,r,1535700190966,1535700191142
1504,7,7,8,u,1535700191137,1535700191231
1505,7,7,8,k,1535700191351,1535700191459
1506,7,7,8,e,1535700191434,1535700191549
1507,7,7,8,b,1535700191611,1535700191733
1508,7,7,8,a,1535700191690,1535700191785
1509,7,7,8,b,1535700191953,1535700192120
1510,7,7,8,o,1535700192156,1535700192333
1511,7,7,8,u,1535700192303,1535700192410
1512,7,7,8,n,1535700192572,1535700192713
1513,7,7,8,i,1535700192668,1535700192795
1514,7,7,8,a,1535700192847,1535700192990
1515,7,7,8,t,1535700193030,1535700193115
1516,7,7,8,a,1535700193120,1535700193319
1517,7,7,8,r,1535700193258,1535700193427
1518,7,7,8,u,1535700193414,1535700193503
1519,7,7,9,i,1535700194791,1535700194953
1520,7,7,9,n,1535700195006,1535700195165
1521,7,7,9,u,1535700195142,1535700195247
1522,7,7,9,m,1535700195361,1535700195526
1523,7,7,9,o,1535700195493,1535700195619
1524,7,7,9,a,1535700195688,1535700195899
1525,7,7,9,r,1535700195845,1535700196014
1526,7,7,9,u,1535700195972,1535700196066
1527,7,7,9,k,1535700196176,1535700196323
1528,7,7,9,e,1535700196305,1535700196412
1529,7,7,9,b,1535700196465,1535700196588
1530,7,7,9,a,1535700196538,1535700196664
1531,7,7,9,b,1535700196887,1535700197032
1532,7,7,9,o,1535700197061,1535700197230
1533,7,7,9,u,1535700197223,1535700197331
1534,7,7,9,n,1535700197520,1535700197669
1535,7,7,9,i,1535700197612,1535700197732
1536,7,7,9,a,1535700197816,1535700197943
1537,7,7,9,t,1535700197987,1535700198091
1538,7,7,9,a,1535700198088,1535700198285
1539,7,7,9,r,1535700198238,1535700198421
1540,7,7,9,u,1535700198404,1535700198509
1541,7,7,10,i,1535700199816,1535700199993
1542,7,7,10,n,1535700200034,1535700200207
1543,7,7,10,u,1535700200177,1535700200312
1544,7,7,10,m,1535700200419,1535700200604
1545,7,7,10,o,1535700200555,1535700200685
1546,7,7,10,a,1535700200748,1535700200950
1547,7,7,10,r,1535700200892,1535700201061
1548,7,7,10,u,1535700201048,1535700201158
1549,7,7,10,k,1535700201258,1535700201395
1550,7,7,10,e,1535700201377,1535700201487
1551,7,7,10,b,1535700201550,1535700201719
1552,7,7,10,a,1535700201651,1535700201780
1553,7,7,10,b,1535700201926,1535700202084
1554,7,7,10,o,1535700202090,1535700202284
1555,7,7,10,u,1535700202239,1535700202372
1556,7,7,10,n,1535700202524,1535700202642
1557,7,7,10,i,1535700202584,1535700202713
1558,7,7,10,a,1535700202681,1535700202814
1559,7,7,10,t,1535700202843,1535700202949
1560,7,7,10,a,1535700202947,1535700203129
1561,7,7,10,r,1535700203060,1535700203245
1562,7,7,10,u,1535700203223,1535700203328
1563,7,7,11,i,1535700213818,1535700213955
1564,7,7,11,n,1535700213985,1535700214138
1565,7,7,11,u,1535700214100,1535700214202
1566,7,7,11,m,1535700214312,1535700214463
1567,7,7,11,o,1535700214410,1535700214550
1568,7,7,11,a,1535700214547,1535700214758
1569,7,7,11,r,1535700214689,1535700214866
1570,7,7,11,u,1535700214861,1535700214927
1571,7,7,11,k,1535700215058,1535700215163
1572,7,7,11,e,1535700215162,1535700215291
1573,7,7,11,b,1535700215339,1535700215453
1574,7,7,11,a,1535700215443,1535700215541
1575,7,7,11,b,1535700215696,1535700215850
1576,7,7,11,o,1535700215907,1535700216077
1577,7,7,11,u,1535700216031,1535700216182
1578,7,7,11,n,1535700216314,1535700216472
1579,7,7,11,i,1535700216406,1535700216548
1580,7,7,11,a,1535700216526,1535700216676
1581,7,7,11,t,1535700216713,1535700216842
1582,7,7,11,a,1535700216822,1535700217026
1583,7,7,11,r,1535700216957,1535700217134
1584,7,7,11,u,1535700217100,1535700217195
2135,9,9,0,i,1535712684777,1535712684896
2136,9,9,0,n,1535712684890,1535712685008
2137,9,9,0,u,1535712685034,1535712685132
2138,9,9,0,m,1535712685231,1535712685339
2139,9,9,0,o,1535712685374,1535712685489
2140,9,9,0,a,1535712686280,1535712686381
2141,9,9,0,r,1535712686658,1535712686742
2142,9,9,0,u,1535712686824,1535712686874
2143,9,9,0,k,1535712687031,1535712687100
2144,9,9,0,e,1535712687225,1535712687315
2145,9,9,0,b,1535712687518,1535712687600
2146,9,9,0,a,1535712687674,1535712687783
2147,9,9,0,b,1535712687838,1535712687915
2148,9,9,0,o,1535712688031,1535712688168
2149,9,9,0,u,1535712688189,1535712688283
2150,9,9,0,n,1535712688423,1535712688522
2151,9,9,0,i,1535712688497,1535712688633
2152,9,9,0,a,1535712688641,1535712688738
2153,9,9,0,t,1535712689193,1535712689304
2154,9,9,0,a,1535712689468,1535712689643
2155,9,9,0,r,1535712689776,1535712689881
2156,9,9,0,u,1535712689900,1535712689969
2157,9,9,1,i,1535712717454,1535712717591
2158,9,9,1,n,1535712717581,1535712717727
2159,9,9,1,u,1535712717706,1535712717813
2160,9,9,1,m,1535712718894,1535712719005
2161,9,9,1,o,1535712718990,1535712719122
2162,9,9,1,a,1535712719274,1535712719439
2163,9,9,1,r,1535712719661,1535712719755
2164,9,9,1,u,1535712719917,1535712719976
2165,9,9,1,k,1535712720567,1535712720664
2166,9,9,1,e,1535712720714,1535712720819
2167,9,9,1,b,1535712721005,1535712721083
2168,9,9,1,a,1535712721140,1535712721274
2169,9,9,1,b,1535712721282,1535712721384
2170,9,9,1,o,1535712721434,1535712721589
2171,9,9,1,u,1535712721576,1535712721675
2172,9,9,1,n,1535712721802,1535712721925
2173,9,9,1,i,1535712721875,1535712722012
2174,9,9,1,a,1535712722051,1535712722172
2175,9,9,1,t,1535712722356,1535712722461
2176,9,9,1,a,1535712722611,1535712722756
2177,9,9,1,r,1535712722848,1535712722995
2178,9,9,1,u,1535712722965,1535712723044
2179,9,9,2,i,1535712742804,1535712742891
2180,9,9,2,n,1535712742976,1535712743099
2181,9,9,2,u,1535712743112,1535712743181
2182,9,9,2,m,1535712743361,1535712743433
2183,9,9,2,o,1535712744777,1535712744875
2184,9,9,2,a,1535712744983,1535712745104
2185,9,9,2,r,1535712745214,1535712745335
2186,9,9,2,u,1535712745446,1535712745482
2187,9,9,2,k,1535712746109,1535712746219
2188,9,9,2,e,1535712746342,1535712746429
2189,9,9,2,b,1535712746536,1535712746618
2190,9,9,2,a,1535712746679,1535712746793
2191,9,9,2,b,1535712746778,1535712746875
2192,9,9,2,o,1535712746975,1535712747198
2193,9,9,2,u,1535712747203,1535712747317
2194,9,9,2,n,1535712747443,1535712747572
2195,9,9,2,i,1535712747541,1535712747664
2196,9,9,2,a,1535712747729,1535712747857
2197,9,9,2,t,1535712748586,1535712748669
2198,9,9,2,a,1535712748718,1535712748848
2199,9,9,2,r,1535712748941,1535712749045
2200,9,9,2,u,1535712749843,1535712749910
2201,9,9,3,i,1535712758756,1535712758832
2202,9,9,3,n,1535712758958,1535712759108
2203,9,9,3,u,1535712759089,1535712759182
2204,9,9,3,m,1535712759381,1535712759467
2205,9,9,3,o,1535712759439,1535712759554
2206,9,9,3,a,1535712759604,1535712759728
2207,9,9,3,r,1535712759960,1535712760039
2208,9,9,3,u,1535712760196,1535712760274
2209,9,9,3,k,1535712760496,1535712760567
2210,9,9,3,e,1535712760838,1535712760936
2211,9,9,3,b,1535712761519,1535712761592
2212,9,9,3,a,1535712761634,1535712761708
2213,9,9,3,b,1535712761713,1535712761800
2214,9,9,3,o,1535712761853,1535712762003
2215,9,9,3,u,1535712761990,1535712762071
2216,9,9,3,n,1535712762202,1535712762297
2217,9,9,3,i,1535712762261,1535712762379
2218,9,9,3,a,1535712762413,1535712762540
2219,9,9,3,t,1535712762790,1535712762886
2220,9,9,3,a,1535712763044,1535712763168
2221,9,9,3,r,1535712763244,1535712763352
2222,9,9,3,u,1535712763339,1535712763418
2223,9,9,4,i,1535712795861,1535712795935
2224,9,9,4,n,1535712796082,1535712796211
2225,9,9,4,u,1535712796192,1535712796287
2226,9,9,4,m,1535712796431,1535712796517
2227,9,9,4,o,1535712796513,1535712796575
2228,9,9,4,a,1535712797346,1535712797484
2229,9,9,4,r,1535712797902,1535712797994
2230,9,9,4,u,1535712798100,1535712798178
2231,9,9,4,k,1535712798578,1535712798669
2232,9,9,4,e,1535712798791,1535712798859
2233,9,9,4,b,1535712799501,1535712799574
2234,9,9,4,a,1535712799605,1535712799694
2235,9,9,4,b,1535712799689,1535712799769
2236,9,9,4,o,1535712799832,1535712799987
2237,9,9,4,u,1535712799983,1535712800069
2238,9,9,4,n,1535712800208,1535712800300
2239,9,9,4,i,1535712800277,1535712800400
2240,9,9,4,a,1535712800411,1535712800523
2241,9,9,4,t,1535712800669,1535712800787
2242,9,9,4,a,1535712800974,1535712801085
2243,9,9,4,r,1535712801136,1535712801242
2244,9,9,4,u,1535712801220,1535712801279
2245,9,9,5,i,1535712823755,1535712823820
2246,9,9,5,n,1535712824113,1535712824210
2247,9,9,5,u,1535712824172,1535712824264
2248,9,9,5,m,1535712824380,1535712824473
2249,9,9,5,o,1535712825031,1535712825098
2250,9,9,5,a,1535712825190,1535712825304
2251,9,9,5,r,1535712825457,1535712825554
2252,9,9,5,u,1535712825706,1535712825759
2253,9,9,5,k,1535712825922,1535712825987
2254,9,9,5,e,1535712826072,1535712826150
2255,9,9,5,b,1535712826427,1535712826496
2256,9,9,5,a,1535712826540,1535712826627
2257,9,9,5,b,1535712826641,1535712826715
2258,9,9,5,o,1535712826774,1535712826925
2259,9,9,5,u,1535712826911,1535712826992
2260,9,9,5,n,1535712827124,1535712827229
2261,9,9,5,i,1535712827206,1535712827339
2262,9,9,5,a,1535712827364,1535712827480
2263,9,9,5,t,1535712827719,1535712827820
2264,9,9,5,a,1535712827875,1535712828052
2265,9,9,5,r,1535712828048,1535712828168
2266,9,9,5,u,1535712828177,1535712828235
2267,9,9,6,i,1535712838158,1535712838211
2268,9,9,6,n,1535712838354,1535712838453
2269,9,9,6,u,1535712838446,1535712838527
2270,9,9,6,m,1535712838688,1535712838769
2271,9,9,6,o,1535712838788,1535712838869
2272,9,9,6,a,1535712838990,1535712839113
2273,9,9,6,r,1535712839306,1535712839400
2274,9,9,6,u,1535712839527,1535712839597
2275,9,9,6,k,1535712839724,1535712839808
2276,9,9,6,e,1535712839901,1535712839989
2277,9,9,6,b,1535712840299,1535712840368
2278,9,9,6,a,1535712840421,1535712840513
2279,9,9,6,b,1535712840680,1535712840755
2280,9,9,6,o,1535712840806,1535712840951
2281,9,9,6,u,1535712840990,1535712841076
2282,9,9,6,n,1535712841193,1535712841311
2283,9,9,6,i,1535712841284,1535712841390
2284,9,9,6,a,1535712841428,1535712841553
2285,9,9,6,t,1535712841732,1535712841800
2286,9,9,6,a,1535712842006,1535712842144
2287,9,9,6,r,1535712842214,1535712842344
2288,9,9,6,u,1535712842374,1535712842434
2289,9,9,7,i,1535712843869,1535712843932
2290,9,9,7,n,1535712844071,1535712844182
2291,9,9,7,u,1535712844158,1535712844245
2292,9,9,7,m,1535712844336,1535712844441
2293,9,9,7,o,1535712844414,1535712844524
2294,9,9,7,a,1535712844555,1535712844673
2295,9,9,7,r,1535712844781,1535712844882
2296,9,9,7,u,1535712845013,1535712845076
2297,9,9,7,k,1535712845260,1535712845315
2298,9,9,7,e,1535712845405,1535712845481
2299,9,9,7,b,1535712845784,1535712845859
2300,9,9,7,a,1535712845928,1535712845983
2301,9,9,7,b,1535712847783,1535712847869
2302,9,9,7,o,1535712847874,1535712848038
2303,9,9,7,u,1535712848512,1535712848566
2304,9,9,7,n,1535712848695,1535712848767
2305,9,9,7,i,1535712849480,1535712849554
2306,9,9,7,a,1535712849613,1535712849713
2307,9,9,7,t,1535712849946,1535712850043
2308,9,9,7,a,1535712850203,1535712850322
2309,9,9,7,r,1535712850428,1535712850519
2310,9,9,7,u,1535712850585,1535712850639
2311,9,9,8,i,1535712871035,1535712871109
2312,9,9,8,n,1535712871291,1535712871413
2313,9,9,8,u,1535712871396,1535712871471
2314,9,9,8,m,1535712871581,1535712871698
2315,9,9,8,o,1535712871688,1535712871790
2316,9,9,8,a,1535712871845,1535712871945
2317,9,9,8,r,1535712872208,1535712872326
2318,9,9,8,u,1535712872408,1535712872482
2319,9,9,8,k,1535712872845,1535712872915
2320,9,9,8,e,1535712873005,1535712873081
2321,9,9,8,b,1535712873283,1535712873366
2322,9,9,8,a,1535712873392,1535712873489
2323,9,9,8,b,1535712873526,1535712873607
2324,9,9,8,o,1535712874442,1535712874579
2325,9,9,8,u,1535712874753,1535712874817
2326,9,9,8,n,1535712874960,1535712875078
2327,9,9,8,i,1535712875060,1535712875144
2328,9,9,8,a,1535712875184,1535712875315
2329,9,9,8,t,1535712875630,1535712875736
2330,9,9,8,a,1535712875783,1535712875904
2331,9,9,8,r,1535712876018,1535712876145
2332,9,9,8,u,1535712876104,1535712876188
2333,9,9,9,i,1535712896977,1535712897038
2334,9,9,9,n,1535712897190,1535712897325
2335,9,9,9,u,1535712897323,1535712897364
2336,9,9,9,m,1535712897647,1535712897728
2337,9,9,9,o,1535712897711,1535712897824
2338,9,9,9,a,1535712897924,1535712898039
2339,9,9,9,r,1535712898794,1535712898871
2340,9,9,9,u,1535712899008,1535712899057
2341,9,9,9,k,1535712899204,1535712899282
2342,9,9,9,e,1535712899406,1535712899493
2343,9,9,9,b,1535712899706,1535712899784
2344,9,9,9,a,1535712899836,1535712899917
2345,9,9,9,b,1535712899956,1535712900043
2346,9,9,9,o,1535712900177,1535712900279
2347,9,9,9,u,1535712900356,1535712900430
2348,9,9,9,n,1535712900672,1535712900777
2349,9,9,9,i,1535712900763,1535712900835
2350,9,9,9,a,1535712901004,1535712901127
2351,9,9,9,t,1535712902402,1535712902475
2352,9,9,9,a,1535712902501,1535712902643
2353,9,9,9,r,1535712903254,1535712903364
2354,9,9,9,u,1535712903552,1535712903606
2355,9,9,10,i,1535712905022,1535712905080
2356,9,9,10,n,1535712905238,1535712905398
2357,9,9,10,u,1535712905359,1535712905440
2358,9,9,10,m,1535712905540,1535712905648
2359,9,9,10,o,1535712905619,1535712905724
2360,9,9,10,a,1535712905822,1535712905932
2361,9,9,10,r,1535712906104,1535712906205
2362,9,9,10,u,1535712906319,1535712906379
2363,9,9,10,k,1535712906545,1535712906623
2364,9,9,10,e,1535712906765,1535712906834
2365,9,9,10,b,1535712907081,1535712907154
2366,9,9,10,a,1535712907524,1535712907671
2367,9,9,10,b,1535712907723,1535712907814
2368,9,9,10,o,1535712907810,1535712907955
2369,9,9,10,u,1535712909734,1535712909797
2370,9,9,10,n,1535712909912,1535712910023
2371,9,9,10,i,1535712909995,1535712910094
2372,9,9,10,a,1535712910137,1535712910260
2373,9,9,10,t,1535712910487,1535712910599
2374,9,9,10,a,1535712910695,1535712910882
2375,9,9,10,r,1535712910918,1535712911033
2376,9,9,10,u,1535712911015,1535712911065
2377,9,9,11,i,1535712912705,1535712912763
2378,9,9,11,n,1535712912952,1535712913048
2379,9,9,11,u,1535712913284,1535712913331
2380,9,9,11,m,1535712913801,1535712913896
2381,9,9,11,o,1535712913865,1535712913960
2382,9,9,11,a,1535712914067,1535712914217
2383,9,9,11,r,1535712914563,1535712914673
2384,9,9,11,u,1535712914805,1535712914869
2385,9,9,11,k,1535712914998,1535712915085
2386,9,9,11,e,1535712915146,1535712915233
2387,9,9,11,b,1535712915385,1535712915454
2388,9,9,11,a,1535712915504,1535712915637
2389,9,9,11,b,1535712915654,1535712915746
2390,9,9,11,o,1535712915749,1535712915920
2391,9,9,11,u,1535712915896,1535712915970
2392,9,9,11,n,1535712916093,1535712916205
2393,9,9,11,i,1535712916176,1535712916291
2394,9,9,11,a,1535712916317,1535712916468
2395,9,9,11,t,1535712916704,1535712916764
2396,9,9,11,a,1535712916906,1535712917080
2397,9,9,11,r,1535712917107,1535712917223
2398,9,9,11,u,1535712917220,1535712917270
2399,10,10,0,i,1535724149610,1535724149732
2400,10,10,0,n,1535724149779,1535724149869
2401,10,10,0,u,1535724149980,1535724150062
2402,10,10,0,m,1535724150193,1535724150315
2403,10,10,0,o,1535724150289,1535724150425
2404,10,10,0,a,1535724150563,1535724150693
2405,10,10,0,r,1535724150766,1535724150905
2406,10,10,0,u,1535724150884,1535724150958
2407,10,10,0,k,1535724151070,1535724151190
2408,10,10,0,e,1535724151143,1535724151249
2409,10,10,0,b,1535724151324,1535724151429
2410,10,10,0,a,1535724151403,1535724151529
2411,10,10,0,b,1535724151697,1535724151825
2412,10,10,0,o,1535724151803,1535724151951
2413,10,10,0,u,1535724151966,1535724152048
2414,10,10,0,n,1535724152195,1535724152309
2415,10,10,0,i,1535724152259,1535724152377
2416,10,10,0,a,1535724152430,1535724152543
2417,10,10,0,t,1535724152750,1535724152900
2418,10,10,0,a,1535724152945,1535724153112
2419,10,10,0,r,1535724153220,1535724153317
2420,10,10,0,u,1535724153335,1535724153428
2421,10,10,1,i,1535724155814,1535724155913
2422,10,10,1,n,1535724155980,1535724156076
2423,10,10,1,u,1535724156203,1535724156264
2424,10,10,1,m,1535724156417,1535724156533
2425,10,10,1,o,1535724156490,1535724156619
2426,10,10,1,a,1535724156750,1535724156861
2427,10,10,1,r,1535724156948,1535724157088
2428,10,10,1,u,1535724157057,1535724157143
2429,10,10,1,k,1535724157273,1535724157388
2430,10,10,1,e,1535724157340,1535724157445
2431,10,10,1,b,1535724157524,1535724157628
2432,10,10,1,a,1535724157639,1535724157737
2433,10,10,1,b,1535724158599,1535724158699
2434,10,10,1,o,1535724158716,1535724158827
2435,10,10,1,u,1535724158840,1535724158922
2436,10,10,1,n,1535724159088,1535724159198
2437,10,10,1,i,1535724159171,1535724159293
2438,10,10,1,a,1535724159331,1535724159443
2439,10,10,1,t,1535724159563,1535724159715
2440,10,10,1,a,1535724159688,1535724159781
2441,10,10,1,r,1535724159856,1535724159958
2442,10,10,1,u,1535724160015,1535724160103
2443,10,10,2,i,1535724162653,1535724162759
2444,10,10,2,n,1535724162822,1535724162904
2445,10,10,2,u,1535724163017,1535724163088
2446,10,10,2,m,1535724163224,1535724163348
2447,10,10,2,o,1535724163321,1535724163439
2448,10,10,2,a,1535724163532,1535724163639
2449,10,10,2,r,1535724163733,1535724163844
2450,10,10,2,u,1535724163833,1535724163900
2451,10,10,2,k,1535724164067,1535724164182
2452,10,10,2,e,1535724164150,1535724164247
2453,10,10,2,b,1535724164337,1535724164421
2454,10,10,2,a,1535724164432,1535724164514
2455,10,10,2,b,1535724164770,1535724164884
2456,10,10,2,o,1535724164903,1535724165004
2457,10,10,2,u,1535724165025,1535724165112
2458,10,10,2,n,1535724165319,1535724165437
2459,10,10,2,i,1535724165397,1535724165512
2460,10,10,2,a,1535724165878,1535724165981
2461,10,10,2,t,1535724166116,1535724166233
2462,10,10,2,a,1535724166218,1535724166267
2463,10,10,2,r,1535724166546,1535724166640
2464,10,10,2,u,1535724166663,1535724166752
2465,10,10,3,i,1535724169238,1535724169368
2466,10,10,3,n,1535724169450,1535724169533
2467,10,10,3,u,1535724169641,1535724169715
2468,10,10,3,m,1535724169842,1535724169967
2469,10,10,3,o,1535724169926,1535724170046
2470,10,10,3,a,1535724170092,1535724170207
2471,10,10,3,r,1535724170291,1535724170416
2472,10,10,3,u,1535724170390,1535724170474
2473,10,10,3,k,1535724170598,1535724170708
2474,10,10,3,e,1535724170664,1535724170780
2475,10,10,3,b,1535724170829,1535724170918
2476,10,10,3,a,1535724170937,1535724171051
2477,10,10,3,b,1535724171212,1535724171322
2478,10,10,3,o,1535724171307,1535724171424
2479,10,10,3,u,1535724171448,1535724171523
2480,10,10,3,n,1535724171666,1535724171783
2481,10,10,3,i,1535724171748,1535724171850
2482,10,10,3,a,1535724171887,1535724171986
2483,10,10,3,t,1535724172118,1535724172223
2484,10,10,3,a,1535724172670,1535724172769
2485,10,10,3,r,1535724172897,1535724172973
2486,10,10,3,u,1535724172981,1535724173056
2487,10,10,4,i,1535724174942,1535724175075
2488,10,10,4,n,1535724175161,1535724175227
2489,10,10,4,u,1535724175333,1535724175402
2490,10,10,4,m,1535724175558,1535724175673
2491,10,10,4,o,1535724175631,1535724175766
2492,10,10,4,a,1535724175825,1535724175929
2493,10,10,4,r,1535724176035,1535724176183
2494,10,10,4,u,1535724176156,1535724176240
2495,10,10,4,k,1535724176379,1535724176493
2496,10,10,4,e,1535724176443,1535724176564
2497,10,10,4,b,1535724176629,1535724176713
2498,10,10,4,a,1535724176736,1535724176847
2499,10,10,4,b,1535724176986,1535724177112
2500,10,10,4,o,1535724177386,1535724177509
2501,10,10,4,u,1535724177527,1535724177602
2502,10,10,4,n,1535724177754,1535724177858
2503,10,10,4,i,1535724177831,1535724177917
2504,10,10,4,a,1535724177986,1535724178083
2505,10,10,4,t,1535724178240,1535724178357
2506,10,10,4,a,1535724178374,1535724178461
2507,10,10,4,r,1535724178576,1535724178686
2508,10,10,4,u,1535724178761,1535724178839
2509,10,10,5,i,1535724180617,1535724180708
2510,10,10,5,n,1535724180830,1535724180918
2511,10,10,5,u,1535724181021,1535724181101
2512,10,10,5,m,1535724181255,1535724181364
2513,10,10,5,o,1535724181328,1535724181454
2514,10,10,5,a,1535724181479,1535724181582
2515,10,10,5,r,1535724181982,1535724182079
2516,10,10,5,u,1535724182101,1535724182172
2517,10,10,5,k,1535724182312,1535724182415
2518,10,10,5,e,1535724182379,1535724182501
2519,10,10,5,b,1535724182549,1535724182617
2520,10,10,5,a,1535724182626,1535724182721
2521,10,10,5,b,1535724182900,1535724183008
2522,10,10,5,o,1535724182989,1535724183129
2523,10,10,5,u,1535724183149,1535724183216
2524,10,10,5,n,1535724183339,1535724183439
2525,10,10,5,i,1535724183406,1535724183521
2526,10,10,5,a,1535724183615,1535724183737
2527,10,10,5,t,1535724183828,1535724183945
2528,10,10,5,a,1535724183931,1535724184004
2529,10,10,5,r,1535724184064,1535724184163
2530,10,10,5,u,1535724184218,1535724184302
2531,10,10,6,i,1535724193651,1535724193791
2532,10,10,6,n,1535724193871,1535724193964
2533,10,10,6,u,1535724194073,1535724194145
2534,10,10,6,m,1535724194291,1535724194396
2535,10,10,6,o,1535724194357,1535724194490
2536,10,10,6,a,1535724194518,1535724194627
2537,10,10,6,r,1535724194699,1535724194792
2538,10,10,6,u,1535724194801,1535724194865
2539,10,10,6,k,1535724195030,1535724195126
2540,10,10,6,e,1535724195070,1535724195192
2541,10,10,6,b,1535724195293,1535724195386
2542,10,10,6,a,1535724195395,1535724195494
2543,10,10,6,b,1535724195776,1535724195896
2544,10,10,6,o,1535724195865,1535724195980
2545,10,10,6,u,1535724195992,1535724196083
2546,10,10,6,n,1535724196214,1535724196313
2547,10,10,6,i,1535724196280,1535724196388
2548,10,10,6,a,1535724196449,1535724196558
2549,10,10,6,t,1535724196693,1535724196792
2550,10,10,6,a,1535724196836,1535724196858
2551,10,10,6,r,1535724197240,1535724197335
2552,10,10,6,u,1535724197348,1535724197432
2553,10,10,7,i,1535724199353,1535724199463
2554,10,10,7,n,1535724199563,1535724199641
2555,10,10,7,u,1535724199746,1535724199817
2556,10,10,7,m,1535724199929,1535724200048
2557,10,10,7,o,1535724200017,1535724200141
2558,10,10,7,a,1535724200174,1535724200302
2559,10,10,7,r,1535724200472,1535724200569
2560,10,10,7,u,1535724200610,1535724200692
2561,10,10,7,k,1535724200909,1535724201022
2562,10,10,7,e,1535724200997,1535724201109
2563,10,10,7,b,1535724201156,1535724201240
2564,10,10,7,a,1535724201259,1535724201344
2565,10,10,7,b,1535724201564,1535724201699
2566,10,10,7,o,1535724201922,1535724202066
2567,10,10,7,u,1535724202048,1535724202129
2568,10,10,7,n,1535724202260,1535724202366
2569,10,10,7,i,1535724202337,1535724202443
2570,10,10,7,a,1535724202480,1535724202573
2571,10,10,7,t,1535724202688,1535724202792
2572,10,10,7,a,1535724202781,1535724202884
2573,10,10,7,r,1535724202942,1535724203041
2574,10,10,7,u,1535724203073,1535724203148
2575,10,10,8,i,1535724204739,1535724204872
2576,10,10,8,n,1535724204937,1535724205035
2577,10,10,8,u,1535724205139,1535724205218
2578,10,10,8,m,1535724205344,1535724205467
2579,10,10,8,o,1535724205430,1535724205563
2580,10,10,8,a,1535724205646,1535724205766
2581,10,10,8,r,1535724205884,1535724205989
2582,10,10,8,u,1535724206008,1535724206090
2583,10,10,8,k,1535724206214,1535724206322
2584,10,10,8,e,1535724206285,1535724206408
2585,10,10,8,b,1535724206467,1535724206551
2586,10,10,8,a,1535724206567,1535724206657
2587,10,10,8,b,1535724206783,1535724206858
2588,10,10,8,o,1535724206873,1535724207010
2589,10,10,8,u,1535724207023,1535724207106
2590,10,10,8,n,1535724207240,1535724207335
2591,10,10,8,i,1535724207313,1535724207447
2592,10,10,8,a,1535724207520,1535724207633
2593,10,10,8,t,1535724207748,1535724207850
2594,10,10,8,a,1535724207836,1535724207925
2595,10,10,8,r,1535724208003,1535724208092
2596,10,10,8,u,1535724208160,1535724208249
2597,10,10,9,i,1535724211109,1535724211229
2598,10,10,9,n,1535724211285,1535724211384
2599,10,10,9,u,1535724211489,1535724211562
2600,10,10,9,m,1535724211684,1535724211811
2601,10,10,9,o,1535724211783,1535724211917
2602,10,10,9,a,1535724211962,1535724212059
2603,10,10,9,r,1535724212152,1535724212269
2604,10,10,9,u,1535724212257,1535724212337
2605,10,10,9,k,1535724212465,1535724212569
2606,10,10,9,e,1535724212541,1535724212660
2607,10,10,9,b,1535724212730,1535724212828
2608,10,10,9,a,1535724212836,1535724212934
2609,10,10,9,b,1535724213056,1535724213149
2610,10,10,9,o,1535724213171,1535724213304
2611,10,10,9,u,1535724213315,1535724213406
2612,10,10,9,n,1535724213525,1535724213638
2613,10,10,9,i,1535724213607,1535724213737
2614,10,10,9,a,1535724213820,1535724213929
2615,10,10,9,t,1535724214035,1535724214140
2616,10,10,9,a,1535724214127,1535724214215
2617,10,10,9,r,1535724214293,1535724214381
2618,10,10,9,u,1535724214438,1535724214516
2619,10,10,10,i,1535724216134,1535724216260
2620,10,10,10,n,1535724216293,1535724216408
2621,10,10,10,u,1535724216514,1535724216589
2622,10,10,10,m,1535724216710,1535724216830
2623,10,10,10,o,1535724216788,1535724216911
2624,10,10,10,a,1535724217009,1535724217142
2625,10,10,10,r,1535724217226,1535724217341
2626,10,10,10,u,1535724217368,1535724217454
2627,10,10,10,k,1535724217578,1535724217695
2628,10,10,10,e,1535724217642,1535724217770
2629,10,10,10,b,1535724217838,1535724217927
2630,10,10,10,a,1535724217940,1535724218042
2631,10,10,10,b,1535724218161,1535724218257
2632,10,10,10,o,1535724218290,1535724218401
2633,10,10,10,u,1535724218408,1535724218496
2634,10,10,10,n,1535724218615,1535724218726
2635,10,10,10,i,1535724218695,1535724218805
2636,10,10,10,a,1535724218939,1535724219050
2637,10,10,10,t,1535724219154,1535724219273
2638,10,10,10,a,1535724219251,1535724219351
2639,10,10,10,r,1535724219401,1535724219503
2640,10,10,10,u,1535724219536,1535724219611
2641,10,10,11,i,1535724221372,1535724221483
2642,10,10,11,n,1535724221679,1535724221783
2643,10,10,11,u,1535724221887,1535724221959
2644,10,10,11,m,1535724222107,1535724222212
2645,10,10,11,o,1535724222174,1535724222297
2646,10,10,11,a,1535724222821,1535724222929
2647,10,10,11,r,1535724223006,1535724223121
2648,10,10,11,u,1535724223108,1535724223193
2649,10,10,11,k,1535724223312,1535724223421
2650,10,10,11,e,1535724223405,1535724223512
2651,10,10,11,b,1535724223558,1535724223642
2652,10,10,11,a,1535724223649,1535724223756
2653,10,10,11,b,1535724223916,1535724224031
2654,10,10,11,o,1535724224105,1535724224205
2655,10,10,11,u,1535724224227,1535724224339
2656,10,10,11,n,1535724224516,1535724224630
2657,10,10,11,i,1535724224597,1535724224719
2658,10,10,11,a,1535724224778,1535724224884
2659,10,10,11,t,1535724224967,1535724225076
2660,10,10,11,a,1535724225056,1535724225143
2661,10,10,11,r,1535724225248,1535724225350
2662,10,10,11,u,1535724225371,1535724225461
3868,11,11,0,i,1535729280909,1535729281009
3869,11,11,0,n,1535729281109,1535729281258
3870,11,11,0,u,1535729281278,1535729281379
3871,11,11,0,m,1535729281598,1535729281739
3872,11,11,0,o,1535729281669,1535729281788
3873,11,11,0,a,1535729282009,1535729282168
3874,11,11,0,r,1535729282378,1535729282528
3875,11,11,0,u,1535729282537,1535729282597
3876,11,11,0,k,1535729283089,1535729283199
3877,11,11,0,e,1535729283218,1535729283309
3878,11,11,0,b,1535729283488,1535729283578
3879,11,11,0,a,1535729283619,1535729283758
3880,11,11,0,b,1535729284259,1535729284432
3881,11,11,0,o,1535729284389,1535729284539
3882,11,11,0,u,1535729284546,1535729284657
3883,11,11,0,n,1535729284929,1535729285077
3884,11,11,0,i,1535729285029,1535729285138
3885,11,11,0,a,1535729285258,1535729285409
3886,11,11,0,t,1535729285779,1535729285949
3887,11,11,0,a,1535729285929,1535729286118
3888,11,11,0,r,1535729286719,1535729286852
3889,11,11,0,u,1535729286898,1535729286988
3890,11,11,1,i,1535729327969,1535729328059
3891,11,11,1,n,1535729328288,1535729328429
3892,11,11,1,u,1535729328509,1535729328598
3893,11,11,1,m,1535729328797,1535729328948
3894,11,11,1,o,1535729328888,1535729328988
3895,11,11,1,a,1535729329159,1535729329268
3896,11,11,1,r,1535729329779,1535729329909
3897,11,11,1,u,1535729329949,1535729330030
3898,11,11,1,k,1535729330549,1535729330649
3899,11,11,1,e,1535729330659,1535729330768
3900,11,11,1,b,1535729330939,1535729331029
3901,11,11,1,a,1535729331119,1535729331219
3902,11,11,1,b,1535729331579,1535729331738
3903,11,11,1,o,1535729331699,1535729331854
3904,11,11,1,u,1535729331828,1535729331957
3905,11,11,1,n,1535729332150,1535729332268
3906,11,11,1,i,1535729332219,1535729332318
3907,11,11,1,a,1535729332469,1535729332581
3908,11,11,1,t,1535729332918,1535729333056
3909,11,11,1,a,1535729333036,1535729333177
3910,11,11,1,r,1535729333386,1535729333527
3911,11,11,1,u,1535729333539,1535729333607
3912,11,11,2,i,1535729335266,1535729335367
3913,11,11,2,n,1535729335447,1535729335577
3914,11,11,2,u,1535729335649,1535729335718
3915,11,11,2,m,1535729336318,1535729336478
3916,11,11,2,o,1535729336418,1535729336550
3917,11,11,2,a,1535729336669,1535729336797
3918,11,11,2,r,1535729337029,1535729337189
3919,11,11,2,u,1535729337169,1535729337248
3920,11,11,2,k,1535729337428,1535729337526
3921,11,11,2,e,1535729337508,1535729337638
3922,11,11,2,b,1535729337738,1535729337818
3923,11,11,2,a,1535729337869,1535729338019
3924,11,11,2,b,1535729338179,1535729338316
3925,11,11,2,o,1535729338269,1535729338428
3926,11,11,2,u,1535729338388,1535729338508
3927,11,11,2,n,1535729338938,1535729339078
3928,11,11,2,i,1535729339018,1535729339128
3929,11,11,2,a,1535729339229,1535729339379
3930,11,11,2,t,1535729339848,1535729339968
3931,11,11,2,a,1535729339948,1535729340108
3932,11,11,2,r,1535729340469,1535729340604
3933,11,11,2,u,1535729340578,1535729340659
3934,11,11,3,i,1535729342239,1535729342358
3935,11,11,3,n,1535729342448,1535729342609
3936,11,11,3,u,1535729342678,1535729342768
3937,11,11,3,m,1535729342998,1535729343119
3938,11,11,3,o,1535729343068,1535729343139
3939,11,11,3,a,1535729343208,1535729343329
3940,11,11,3,r,1535729343479,1535729343629
3941,11,11,3,u,1535729343639,1535729343719
3942,11,11,3,k,1535729343858,1535729343961
3943,11,11,3,e,1535729343968,1535729344088
3944,11,11,3,b,1535729344246,1535729344327
3945,11,11,3,a,1535729344388,1535729344539
3946,11,11,3,b,1535729344690,1535729344810
3947,11,11,3,o,1535729344779,1535729344939
3948,11,11,3,u,1535729344919,1535729345019
3949,11,11,3,n,1535729345187,1535729345327
3950,11,11,3,i,1535729345278,1535729345377
3951,11,11,3,a,1535729345428,1535729345568
3952,11,11,3,t,1535729346029,1535729346172
3953,11,11,3,a,1535729346119,1535729346289
3954,11,11,3,r,1535729346468,1535729346588
3955,11,11,3,u,1535729346568,1535729346648
3956,11,11,4,i,1535729348138,1535729348268
3957,11,11,4,n,1535729348318,1535729348438
3958,11,11,4,u,1535729348499,1535729348589
3959,11,11,4,m,1535729348739,1535729348909
3960,11,11,4,o,1535729348859,1535729348948
3961,11,11,4,a,1535729349038,1535729349157
3962,11,11,4,r,1535729349322,1535729349458
3963,11,11,4,u,1535729349568,1535729349649
3964,11,11,4,k,1535729349879,1535729349969
3965,11,11,4,e,1535729349979,1535729350089
3966,11,11,4,b,1535729350208,1535729350297
3967,11,11,4,a,1535729350347,1535729350468
3968,11,11,4,b,1535729350588,1535729350708
3969,11,11,4,o,1535729350678,1535729350806
3970,11,11,4,u,1535729350789,1535729350889
3971,11,11,4,n,1535729351059,1535729351179
3972,11,11,4,i,1535729351142,1535729351229
3973,11,11,4,a,1535729351299,1535729351429
3974,11,11,4,t,1535729351668,1535729351797
3975,11,11,4,a,1535729351818,1535729351958
3976,11,11,4,r,1535729352300,1535729352449
3977,11,11,4,u,1535729352429,1535729352509
3978,11,11,5,i,1535729364929,1535729365068
3979,11,11,5,n,1535729365110,1535729365274
3980,11,11,5,u,1535729365259,1535729365348
3981,11,11,5,m,1535729365638,1535729365767
3982,11,11,5,o,1535729365708,1535729365808
3983,11,11,5,a,1535729365879,1535729366028
3984,11,11,5,r,1535729366399,1535729366532
3985,11,11,5,u,1535729366547,1535729366638
3986,11,11,5,k,1535729366788,1535729366878
3987,11,11,5,e,1535729366848,1535729366958
3988,11,11,5,b,1535729367098,1535729367168
3989,11,11,5,a,1535729367219,1535729367348
3990,11,11,5,b,1535729367679,1535729367818
3991,11,11,5,o,1535729367768,1535729367917
3992,11,11,5,u,1535729367938,1535729368047
3993,11,11,5,n,1535729368188,1535729368318
3994,11,11,5,i,1535729368278,1535729368380
3995,11,11,5,a,1535729368389,1535729368559
3996,11,11,5,t,1535729368838,1535729368977
3997,11,11,5,a,1535729368958,1535729369119
3998,11,11,5,r,1535729369690,1535729369810
3999,11,11,5,u,1535729369830,1535729369898
4000,11,11,6,i,1535729371389,1535729371479
4001,11,11,6,n,1535729371568,1535729371668
4002,11,11,6,u,1535729371820,1535729371899
4003,11,11,6,m,1535729372699,1535729372818
4004,11,11,6,o,1535729372768,1535729372898
4005,11,11,6,a,1535729372881,1535729373039
4006,11,11,6,r,1535729373259,1535729373420
4007,11,11,6,u,1535729373409,1535729373509
4008,11,11,6,k,1535729373699,1535729373788
4009,11,11,6,e,1535729373759,1535729373879
4010,11,11,6,b,1535729373988,1535729374118
4011,11,11,6,a,1535729374149,1535729374288
4012,11,11,6,b,1535729374589,1535729374749
4013,11,11,6,o,1535729374699,1535729374850
4014,11,11,6,u,1535729375018,1535729375140
4015,11,11,6,n,1535729375238,1535729375378
4016,11,11,6,i,1535729375338,1535729375429
4017,11,11,6,a,1535729375445,1535729375568
4018,11,11,6,t,1535729375889,1535729376009
4019,11,11,6,a,1535729375979,1535729376139
4020,11,11,6,r,1535729376279,1535729376437
4021,11,11,6,u,1535729376407,1535729376488
4022,11,11,7,i,1535729377868,1535729377988
4023,11,11,7,n,1535729378039,1535729378214
4024,11,11,7,u,1535729378278,1535729378368
4025,11,11,7,m,1535729378659,1535729378829
4026,11,11,7,o,1535729378779,1535729378889
4027,11,11,7,a,1535729378907,1535729379038
4028,11,11,7,r,1535729379860,1535729379989
4029,11,11,7,u,1535729380009,1535729380079
4030,11,11,7,k,1535729380258,1535729380367
4031,11,11,7,e,1535729380348,1535729380468
4032,11,11,7,b,1535729380528,1535729380618
4033,11,11,7,a,1535729380668,1535729380842
4034,11,11,7,b,1535729381009,1535729381159
4035,11,11,7,o,1535729381089,1535729381288
4036,11,11,7,u,1535729381348,1535729381448
4037,11,11,7,n,1535729381698,1535729381797
4038,11,11,7,i,1535729381769,1535729381868
4039,11,11,7,a,1535729381909,1535729382079
4040,11,11,7,t,1535729382269,1535729382409
4041,11,11,7,a,1535729382368,1535729382538
4042,11,11,7,r,1535729382649,1535729382807
4043,11,11,7,u,1535729382778,1535729382858
4044,11,11,8,i,1535729394848,1535729394968
4045,11,11,8,n,1535729395008,1535729395123
4046,11,11,8,u,1535729395149,1535729395259
4047,11,11,8,m,1535729395547,1535729395678
4048,11,11,8,o,1535729395618,1535729395708
4049,11,11,8,a,1535729395748,1535729395918
4050,11,11,8,r,1535729397030,1535729397194
4051,11,11,8,u,1535729397168,1535729397268
4052,11,11,8,k,1535729397449,1535729397539
4053,11,11,8,e,1535729397518,1535729397639
4054,11,11,8,b,1535729397799,1535729397860
4055,11,11,8,a,1535729397879,1535729398029
4056,11,11,8,b,1535729398289,1535729398449
4057,11,11,8,o,1535729398412,1535729398518
4058,11,11,8,u,1535729398498,1535729398588
4059,11,11,8,n,1535729400330,1535729400479
4060,11,11,8,i,1535729400419,1535729400539
4061,11,11,8,a,1535729401128,1535729401259
4062,11,11,8,t,1535729401560,1535729401699
4063,11,11,8,a,1535729401639,1535729401809
4064,11,11,8,r,1535729402028,1535729402159
4065,11,11,8,u,1535729402138,1535729402218
4066,11,11,9,i,1535729403639,1535729403778
4067,11,11,9,n,1535729403797,1535729403978
4068,11,11,9,u,1535729403950,1535729404079
4069,11,11,9,m,1535729404269,1535729404398
4070,11,11,9,o,1535729404348,1535729404458
4071,11,11,9,a,1535729404570,1535729404699
4072,11,11,9,r,1535729405239,1535729405359
4073,11,11,9,u,1535729405379,1535729405473
4074,11,11,9,k,1535729405608,1535729405698
4075,11,11,9,e,1535729405659,1535729405778
4076,11,11,9,b,1535729405931,1535729405999
4077,11,11,9,a,1535729406058,1535729406198
4078,11,11,9,b,1535729406470,1535729406639
4079,11,11,9,o,1535729406598,1535729406759
4080,11,11,9,u,1535729406818,1535729406958
4081,11,11,9,n,1535729407148,1535729407289
4082,11,11,9,i,1535729407239,1535729407328
4083,11,11,9,a,1535729407368,1535729407519
4084,11,11,9,t,1535729407769,1535729407909
4085,11,11,9,a,1535729407879,1535729408049
4086,11,11,9,r,1535729408149,1535729408309
4087,11,11,9,u,1535729408318,1535729408390
4088,11,11,10,i,1535729409657,1535729409739
4089,11,11,10,n,1535729409859,1535729410009
4090,11,11,10,u,1535729410080,1535729410188
4091,11,11,10,m,1535729410358,1535729410488
4092,11,11,10,o,1535729410438,1535729410567
4093,11,11,10,a,1535729410549,1535729410679
4094,11,11,10,r,1535729410779,1535729410958
4095,11,11,10,u,1535729410979,1535729411068
4096,11,11,10,k,1535729411318,1535729411441
4097,11,11,10,e,1535729411420,1535729411551
4098,11,11,10,b,1535729411748,1535729411868
4099,11,11,10,a,1535729412318,1535729412478
4100,11,11,10,b,1535729412720,1535729412910
4101,11,11,10,o,1535729412859,1535729413009
4102,11,11,10,u,1535729413749,1535729413848
4103,11,11,10,n,1535729414689,1535729414818
4104,11,11,10,i,1535729414769,1535729414879
4105,11,11,10,a,1535729414918,1535729415059
4106,11,11,10,t,1535729415379,1535729415540
4107,11,11,10,a,1535729415509,1535729415650
4108,11,11,10,r,1535729415729,1535729415882
4109,11,11,10,u,1535729415920,1535729415978
4110,11,11,11,i,1535729424998,1535729425119
4111,11,11,11,n,1535729425139,1535729425299
4112,11,11,11,u,1535729425320,1535729425440
4113,11,11,11,m,1535729425630,1535729425750
4114,11,11,11,o,1535729425700,1535729425788
4115,11,11,11,a,1535729425889,1535729426018
4116,11,11,11,r,1535729426129,1535729426308
4117,11,11,11,u,1535729426249,1535729426338
4118,11,11,11,k,1535729426502,1535729426598
4119,11,11,11,e,1535729426568,1535729426688
4120,11,11,11,b,1535729426869,1535729426958
4121,11,11,11,a,1535729427020,1535729427199
4122,11,11,11,b,1535729427169,1535729427338
4123,11,11,11,o,1535729427318,1535729427409
4124,11,11,11,u,1535729427399,1535729427539
4125,11,11,11,n,1535729427770,1535729427899
4126,11,11,11,i,1535729427850,1535729427940
4127,11,11,11,a,1535729427970,1535729428119
4128,11,11,11,t,1535729428549,1535729428703
4129,11,11,11,a,1535729428649,1535729428818
4130,11,11,11,r,1535729429050,1535729429206
4131,11,11,11,u,1535729429190,1535729429259
